gender,age,no_of_days_subscribed,multi_screen,mail_subscribed,weekly_mins_watched,minimum_daily_mins,weekly_max_night_mins,videos_watched,customer_support_calls,churn
0,36,62,0,0,148.35,12.2,82,1,1,0.0
0,39,149,0,0,294.45,7.7,87,3,2,0.0
0,65,126,0,0,87.3,11.9,91,1,5,1.0
0,24,131,0,1,321.3,9.5,102,4,3,0.0
0,40,191,0,0,243.0,10.9,83,7,1,0.0
1,31,65,0,0,193.65,12.7,111,6,4,1.0
1,54,59,0,0,239.25,10.2,106,4,0,0.0
0,40,50,0,0,196.65,5.6,88,9,5,1.0
1,61,205,0,1,263.7,7.8,64,5,2,0.0
1,31,63,0,0,316.8,12.3,58,2,0,0.0
1,34,114,0,1,338.7,8.4,100,9,4,0.0
1,34,107,0,0,201.0,7.3,79,3,3,0.0
0,30,84,0,0,112.95,12.3,134,1,1,0.0
0,23,142,0,0,218.1,10.9,96,1,1,0.0
0,21,137,0,0,313.2,11.1,130,5,0,0.0
1,30,100,0,1,328.05,12.1,117,4,1,0.0
1,44,84,0,0,239.25,7.2,82,4,2,0.0
0,45,99,0,0,300.0,11.4,82,2,3,0.0
1,39,115,0,0,367.5,13.7,124,8,1,1.0
0,59,194,0,0,72.6,18.2,87,1,1,0.0
1,57,104,0,0,246.3,10.7,117,8,1,0.0
1,32,170,0,0,369.6,9.1,95,8,0,0.0
0,45,76,0,0,395.1,11.4,101,5,1,1.0
1,32,94,0,0,206.25,13.4,131,2,0,0.0
0,36,81,0,1,251.85,9.2,103,6,4,1.0
1,50,137,0,0,363.15,14.7,50,2,3,0.0
1,28,119,1,1,240.0,8.7,107,5,5,1.0
1,37,138,0,1,275.85,15.0,125,3,1,0.0
0,44,124,0,0,197.7,11.3,101,2,1,0.0
1,37,48,0,1,346.35,7.6,87,4,3,0.0
0,63,106,0,0,280.65,11.0,81,3,1,0.0
1,45,161,0,0,499.35,5.4,128,9,4,1.0
1,33,89,0,0,123.45,7.2,70,4,1,0.0
0,34,105,1,1,234.15,14.7,95,3,0,1.0
0,32,59,0,0,273.75,11.3,100,8,4,0.0
0,32,81,0,0,218.1,5.2,109,4,1,0.0
1,35,67,0,0,228.75,4.9,104,3,2,0.0
1,52,129,0,0,324.0,4.9,109,10,2,0.0
1,48,56,0,0,205.8,14.3,72,4,1,0.0
1,30,62,0,0,220.65,12.2,115,3,0,0.0
1,55,95,0,1,391.2,10.1,97,5,1,0.0
0,44,76,0,0,336.6,6.7,74,2,2,0.0
0,31,37,0,0,286.65,12.9,117,1,0,0.0
0,41,80,0,0,483.45,6.7,123,8,0,1.0
0,43,190,0,0,254.1,8.9,93,5,1,0.0
0,45,168,0,1,146.1,11.4,124,2,2,0.0
0,39,166,1,1,192.3,8.8,130,7,2,0.0
0,38,42,0,0,361.8,10.6,91,4,0,0.0
1,43,96,0,0,390.6,11.5,87,4,5,0.0
0,26,76,1,0,409.95,12.0,84,7,1,1.0
1,29,94,0,0,285.9,7.5,97,5,1,0.0
1,45,76,0,1,284.55,10.0,108,5,1,0.0
0,26,77,0,0,244.5,6.7,66,3,2,0.0
1,36,54,0,1,168.0,11.3,83,4,2,0.0
1,31,41,0,0,238.95,11.1,76,5,1,0.0
1,30,53,0,1,218.55,13.1,96,5,3,0.0
1,34,131,0,0,230.1,10.4,83,3,0,0.0
1,52,98,0,1,181.5,12.0,110,1,1,0.0
0,41,90,0,1,275.7,7.7,124,3,1,0.0
1,27,146,1,0,240.15,9.2,98,3,2,0.0
1,36,51,1,0,230.4,14.1,92,4,0,1.0
0,56,100,0,1,265.65,7.4,72,2,0,0.0
1,40,126,0,0,183.6,11.5,106,3,1,0.0
1,49,97,0,1,181.65,8.3,100,5,3,0.0
1,36,55,0,1,283.95,12.5,102,4,2,0.0
0,33,74,0,1,290.55,14.6,92,3,2,0.0
0,47,86,0,1,184.5,13.3,103,4,1,0.0
1,26,95,0,1,61.35,11.9,91,7,0,0.0
0,43,75,1,0,250.05,10.1,121,3,3,0.0
0,34,27,0,0,109.05,9.9,71,3,1,0.0
1,42,65,0,0,281.85,7.5,86,6,1,0.0
0,37,44,0,0,214.8,7.6,77,4,1,0.0
0,46,166,0,0,411.45,10.9,119,5,0,0.0
1,31,92,0,0,209.7,9.4,135,7,2,0.0
0,49,84,0,0,254.25,10.6,70,7,0,0.0
1,32,45,0,0,239.7,10.6,93,3,2,0.0
0,43,140,0,0,187.95,8.4,94,4,1,0.0
1,33,122,0,0,161.85,9.5,119,3,2,0.0
0,39,50,0,1,454.05,13.6,103,14,3,0.0
0,27,132,0,0,289.95,11.6,119,4,5,1.0
0,36,92,0,1,276.0,12.7,96,3,2,0.0
0,39,103,0,0,240.3,9.7,97,2,0,0.0
0,46,119,0,1,325.65,8.0,93,5,2,0.0
0,36,134,0,0,363.6,11.8,115,6,1,0.0
0,52,89,0,0,211.65,10.8,73,2,2,0.0
1,41,109,0,0,397.05,9.5,86,9,1,1.0
1,64,21,0,1,199.05,12.9,78,7,3,0.0
1,39,163,0,0,183.6,12.5,97,7,1,0.0
0,35,167,0,0,249.6,9.9,95,5,1,0.0
0,52,75,0,1,176.25,4.2,114,7,3,0.0
1,43,86,0,0,186.15,6.7,119,8,3,0.0
0,41,35,0,1,362.55,9.4,68,4,1,0.0
1,31,177,0,0,349.2,12.5,77,7,2,0.0
1,37,122,0,0,348.75,11.9,91,2,0,0.0
1,31,118,0,0,210.6,7.9,155,1,0,0.0
1,34,87,1,1,332.4,11.5,124,3,1,0.0
1,44,95,0,1,194.25,11.9,115,3,1,0.0
1,35,103,1,0,94.2,9.4,78,4,3,0.0
1,46,135,0,0,370.2,12.6,109,5,1,0.0
0,34,144,0,0,301.65,13.2,119,2,1,0.0
0,32,148,0,1,379.35,12.3,99,1,1,0.0
1,28,70,0,0,189.45,9.6,96,2,0,0.0
1,48,149,0,0,249.9,8.2,131,6,7,0.0
0,24,16,0,0,344.4,10.8,91,2,0,1.0
0,33,54,1,0,285.75,9.7,111,2,2,1.0
1,46,83,0,0,303.45,6.8,82,4,0,0.0
1,39,72,0,0,379.5,9.8,89,4,0,0.0
1,43,30,0,0,341.1,12.5,134,3,0,0.0
1,36,56,0,0,243.45,14.8,115,1,4,1.0
1,24,93,0,0,286.05,8.1,121,3,3,0.0
1,48,72,0,0,263.25,11.8,96,3,1,0.0
1,34,91,0,1,409.5,9.6,114,2,1,0.0
1,37,110,1,0,439.95,14.5,91,4,0,1.0
1,48,137,0,0,165.75,10.5,64,3,3,0.0
0,34,149,0,0,363.75,10.0,80,3,3,1.0
0,38,55,0,1,195.75,11.0,114,5,4,1.0
0,40,72,1,1,209.7,5.5,88,6,0,0.0
0,37,128,0,0,324.0,12.7,74,4,1,0.0
1,38,132,0,0,121.65,10.3,115,2,0,0.0
1,32,66,0,1,262.05,8.9,98,2,1,0.0
1,37,87,0,0,235.2,7.6,77,6,1,0.0
0,32,146,0,0,223.95,7.9,100,4,7,1.0
0,39,134,0,1,325.2,8.6,83,2,0,0.0
0,40,99,0,0,94.35,8.5,121,5,1,0.0
1,39,107,0,0,291.75,12.7,106,1,2,0.0
0,37,38,0,1,295.8,3.9,104,2,0,0.0
1,28,64,0,0,252.0,10.1,98,3,2,0.0
1,26,64,0,1,301.95,12.3,127,3,1,0.0
1,44,172,0,1,412.35,8.8,123,2,1,0.0
0,36,80,1,0,283.65,13.9,116,3,2,1.0
0,40,86,0,1,338.25,9.8,81,2,0,0.0
1,46,82,0,0,283.8,10.6,83,5,3,1.0
1,39,137,1,0,202.65,12.3,81,2,2,1.0
1,31,92,0,0,374.1,9.1,116,3,0,0.0
0,50,39,0,1,212.55,12.0,131,5,1,0.0
1,34,108,0,0,297.75,9.4,75,3,0,1.0
0,38,66,0,1,344.1,8.0,119,1,2,0.0
0,32,94,0,0,261.0,7.9,94,1,1,0.0
1,36,92,1,0,396.45,9.3,73,5,0,0.0
1,30,110,0,1,354.45,9.7,82,6,1,0.0
0,45,94,1,1,295.65,9.5,103,5,4,0.0
1,57,65,0,1,423.45,12.0,93,4,1,0.0
0,33,162,0,1,269.55,9.3,105,8,1,1.0
0,33,10,0,0,279.15,11.4,57,6,2,0.0
0,37,128,0,0,154.95,6.4,95,7,0,0.0
1,33,156,1,0,415.5,8.3,96,3,1,0.0
1,30,100,0,1,323.85,11.6,157,4,1,0.0
1,35,63,0,0,124.5,13.0,89,3,0,0.0
0,40,119,0,1,241.95,6.6,92,8,1,0.0
0,33,107,1,0,291.6,11.2,93,7,2,0.0
1,46,95,0,0,357.15,11.8,115,4,4,0.0
1,41,101,0,0,309.9,14.6,100,3,0,0.0
1,36,111,0,0,259.2,7.9,104,3,4,1.0
0,37,99,0,0,173.25,11.5,98,7,7,0.0
0,28,128,0,0,356.85,13.9,68,4,1,0.0
0,31,67,0,0,257.55,11.9,111,4,2,0.0
1,30,112,0,0,255.75,11.2,91,6,0,0.0
0,24,94,0,0,272.7,9.2,97,2,4,0.0
0,31,127,0,0,209.4,8.8,88,4,2,0.0
1,39,161,0,0,109.2,11.8,91,2,2,0.0
1,43,70,0,0,202.05,7.6,113,6,3,0.0
0,33,61,0,1,433.05,8.6,49,3,0,0.0
0,40,158,0,0,263.85,11.0,98,6,1,0.0
0,48,108,0,0,154.5,7.9,89,3,1,0.0
1,44,92,0,1,212.4,10.2,95,11,0,0.0
0,44,118,0,1,384.45,11.7,130,1,1,0.0
1,28,106,0,1,122.4,9.9,113,4,1,0.0
1,26,192,0,0,332.4,12.7,83,6,4,0.0
1,49,38,0,0,206.7,14.1,77,3,2,0.0
1,27,136,0,0,378.6,10.7,110,3,2,0.0
0,29,103,0,0,225.9,10.4,104,8,8,1.0
0,39,116,0,1,300.6,8.3,100,4,1,0.0
1,34,49,0,1,321.6,8.0,107,13,3,0.0
0,26,118,0,0,281.1,12.2,97,6,1,0.0
0,36,40,0,1,222.15,6.2,102,5,2,0.0
0,37,130,0,0,180.75,14.3,107,2,1,0.0
1,41,37,0,0,299.25,8.1,123,4,2,0.0
0,28,112,1,0,242.85,10.7,134,4,1,0.0
1,35,125,0,0,190.05,14.4,112,7,2,0.0
0,43,9,0,1,290.7,13.3,102,2,1,0.0
1,40,72,0,1,139.2,5.8,83,7,1,0.0
0,29,103,0,0,260.25,9.7,66,2,3,0.0
0,42,57,0,0,223.95,11.9,101,3,2,0.0
1,43,140,0,0,243.9,8.2,66,2,1,0.0
0,47,88,0,1,272.4,11.4,104,4,1,0.0
0,50,142,0,1,330.75,5.9,109,9,2,0.0
0,38,45,0,1,295.2,7.7,85,2,1,0.0
1,32,92,0,0,302.85,13.7,80,6,3,0.0
1,31,88,0,0,92.85,8.8,110,2,3,0.0
1,31,151,1,0,327.0,12.4,95,1,0,0.0
1,40,105,0,1,211.8,11.4,101,2,1,0.0
0,37,57,1,1,351.75,11.4,94,4,2,0.0
1,28,115,0,1,255.75,13.6,71,5,6,0.0
1,36,113,0,0,91.8,13.7,114,3,5,1.0
1,45,67,0,1,157.35,9.6,128,9,1,0.0
1,51,58,0,1,360.6,11.2,108,3,1,0.0
1,37,101,0,0,314.4,7.6,85,2,3,0.0
1,36,129,0,1,289.2,16.4,118,5,1,0.0
0,49,79,0,1,154.65,12.2,92,8,3,0.0
1,21,100,0,0,268.65,10.2,116,10,1,0.0
1,38,130,0,0,316.8,6.3,80,9,2,0.0
0,35,179,0,0,430.95,10.5,112,4,0,1.0
1,34,98,0,1,272.4,12.9,121,4,2,0.0
1,32,37,0,1,397.05,10.4,102,7,0,0.0
1,45,72,0,1,330.0,14.7,71,6,3,0.0
1,34,137,0,0,172.5,7.3,61,4,3,0.0
1,25,127,0,1,123.3,5.1,104,6,0,0.0
0,28,72,0,0,326.7,10.4,91,5,4,0.0
0,37,17,0,1,297.75,8.1,130,10,1,0.0
1,35,129,0,0,215.55,11.4,86,8,4,0.0
1,36,114,0,1,309.3,11.4,83,6,1,0.0
1,36,91,1,0,217.5,16.7,151,3,2,1.0
0,30,93,0,1,328.05,9.4,85,5,2,0.0
1,32,101,0,1,313.8,9.5,100,3,0,0.0
1,47,57,1,1,354.75,12.2,117,3,2,0.0
0,31,126,1,1,367.35,9.7,136,6,4,0.0
1,41,130,0,0,190.5,6.1,99,6,0,0.0
1,43,83,0,1,143.85,13.3,109,4,0,0.0
1,62,116,0,0,325.95,11.3,76,3,2,0.0
1,42,87,0,0,226.5,9.7,127,3,5,1.0
1,29,149,0,0,234.0,8.9,104,8,0,0.0
0,35,117,0,0,253.2,15.5,106,4,0,0.0
0,34,50,0,1,379.35,8.5,146,4,3,0.0
1,38,80,0,0,177.15,8.2,86,6,1,0.0
0,53,74,0,0,261.15,8.3,123,5,2,1.0
1,42,152,1,1,356.25,14.2,80,3,9,1.0
1,52,96,0,1,218.7,9.9,96,2,1,0.0
0,45,159,0,1,276.15,16.9,101,3,0,0.0
1,29,162,0,1,337.35,12.1,61,2,0,0.0
0,34,75,0,0,221.25,16.4,68,3,2,0.0
1,49,118,0,0,204.15,11.3,90,4,1,0.0
0,40,54,0,0,408.9,9.5,111,2,1,1.0
0,35,45,0,0,117.3,18.0,100,3,1,0.0
0,22,87,0,0,219.45,5.3,66,9,1,0.0
1,41,37,1,1,224.55,9.2,90,4,1,0.0
1,45,155,0,0,305.1,8.9,119,4,0,1.0
0,26,75,1,0,316.95,9.7,63,4,4,1.0
1,30,105,0,0,421.95,8.7,109,3,0,1.0
1,30,155,0,0,285.45,8.0,134,3,1,0.0
1,38,103,0,0,211.95,6.4,96,2,1,0.0
1,39,43,0,0,362.85,5.9,104,3,1,0.0
1,37,100,0,0,324.3,10.2,127,3,0,0.0
0,39,77,0,0,350.7,7.6,104,3,2,0.0
1,35,123,0,1,405.6,15.4,113,7,1,0.0
1,31,5,0,0,298.8,13.3,85,3,3,0.0
0,31,129,0,0,279.0,11.5,63,6,4,0.0
0,45,186,0,1,111.45,14.5,90,3,2,0.0
0,35,64,0,1,436.65,7.5,67,2,1,0.0
1,30,139,0,0,207.15,8.3,63,2,1,0.0
1,56,149,0,1,271.05,12.6,53,3,3,0.0
1,42,19,0,0,279.15,14.6,127,7,2,0.0
1,39,74,0,0,205.05,9.8,114,4,0,0.0
0,44,89,1,1,168.9,11.1,116,2,0,1.0
0,29,80,0,0,240.9,10.7,88,1,1,0.0
1,29,95,1,1,330.3,4.1,82,2,0,1.0
1,50,111,0,0,295.65,9.3,101,11,0,0.0
0,35,87,0,0,307.2,9.5,89,3,0,0.0
0,35,127,0,1,214.8,11.6,77,1,1,0.0
0,34,98,0,1,269.85,12.8,76,7,3,0.0
1,24,147,1,1,329.85,8.1,111,4,3,0.0
0,50,34,0,0,440.55,11.0,76,10,2,1.0
1,37,116,0,0,241.05,8.2,144,5,0,0.0
0,61,115,1,0,270.0,12.4,70,3,1,0.0
0,33,55,0,0,291.15,7.0,136,7,2,0.0
1,38,73,0,0,297.45,14.8,87,8,3,0.0
0,46,99,0,0,220.05,8.9,98,1,3,0.0
1,29,131,0,1,203.85,9.4,121,4,1,0.0
1,37,122,0,1,380.55,9.2,123,5,7,0.0
0,30,138,1,1,337.8,11.7,99,4,0,0.0
1,39,87,0,0,173.1,13.1,69,5,2,0.0
0,19,121,0,1,297.6,5.8,77,3,3,1.0
1,37,78,0,0,112.5,9.5,83,6,3,0.0
1,49,110,0,0,294.15,12.9,71,1,3,0.0
1,39,134,0,0,212.55,8.8,60,6,0,0.0
1,37,171,0,1,280.35,5.8,64,3,1,0.0
1,42,82,0,0,494.7,10.6,102,6,0,1.0
0,31,63,0,0,317.7,10.7,99,9,3,0.0
1,42,125,0,1,354.15,9.1,107,4,2,0.0
1,30,119,0,0,285.6,10.0,111,1,2,0.0
0,30,132,1,1,300.45,12.9,91,3,2,0.0
0,36,85,0,0,353.7,12.0,99,3,0,0.0
1,30,29,0,0,236.1,9.3,92,2,1,0.0
1,60,93,1,0,325.35,17.5,110,5,1,0.0
0,35,92,0,0,318.6,9.0,105,4,1,0.0
1,56,17,0,0,242.25,8.6,106,5,1,0.0
0,35,149,0,1,310.05,10.9,80,3,1,0.0
1,36,93,0,1,228.45,11.3,130,5,7,0.0
1,39,39,0,0,240.6,9.1,106,5,2,0.0
0,40,95,0,0,297.6,10.1,99,3,0,0.0
0,40,55,0,0,430.05,6.9,122,5,2,0.0
1,29,146,0,0,309.45,6.1,91,3,1,0.0
1,24,115,0,0,149.55,14.1,99,4,2,0.0
0,38,138,0,1,29.25,7.9,111,1,0,0.0
0,40,89,0,0,319.5,9.1,126,1,1,1.0
1,33,99,0,0,361.65,11.6,109,10,1,0.0
0,51,111,0,0,219.3,8.7,116,3,3,0.0
1,39,53,0,1,38.85,6.5,64,7,1,0.0
1,25,64,0,0,337.2,9.2,110,2,1,0.0
1,54,102,0,0,154.65,11.2,92,5,1,0.0
1,25,59,0,0,241.35,5.0,97,5,3,0.0
1,39,72,0,1,280.05,16.5,119,4,1,0.0
1,29,106,0,0,411.6,6.0,62,3,1,0.0
0,49,115,0,1,217.5,14.2,138,3,2,0.0
1,41,118,0,0,283.2,8.2,100,7,4,0.0
0,43,162,0,0,276.75,11.6,82,3,1,0.0
1,46,90,1,0,222.3,9.2,97,1,4,1.0
1,43,104,0,0,195.75,13.0,63,6,0,0.0
1,30,165,0,0,225.75,10.3,93,2,1,0.0
0,44,36,0,0,236.4,11.9,99,1,0,0.0
1,47,138,1,0,253.95,9.4,77,9,1,0.0
0,64,151,0,0,234.6,7.7,141,6,4,0.0
0,41,148,0,0,303.0,10.9,90,3,1,0.0
1,29,45,0,1,294.9,11.9,108,3,0,0.0
0,35,50,0,1,288.9,7.9,101,2,2,0.0
1,36,150,0,0,253.8,12.6,107,3,1,0.0
1,37,102,1,0,350.7,12.8,106,3,0,0.0
1,29,99,0,0,297.3,8.7,113,3,4,0.0
0,41,132,0,0,265.05,9.1,120,4,2,0.0
1,49,31,0,1,150.15,5.9,131,3,0,0.0
1,38,106,0,0,331.05,8.7,113,5,1,0.0
1,36,201,0,1,288.0,15.1,125,3,1,0.0
0,32,77,0,0,93.6,5.7,64,6,5,1.0
1,43,102,0,0,172.2,12.0,101,4,0,0.0
0,22,94,0,0,236.85,8.0,84,5,4,1.0
0,23,72,0,1,207.15,8.2,118,2,2,0.0
1,36,174,0,1,332.7,12.4,109,9,1,0.0
0,24,56,0,1,182.55,12.7,98,3,1,0.0
0,39,132,0,1,231.9,9.1,90,4,1,0.0
0,29,27,0,0,290.7,9.2,124,3,0,0.0
0,46,152,0,0,295.65,7.4,100,4,3,0.0
1,41,101,0,0,372.9,6.1,86,3,3,0.0
0,30,139,0,1,144.3,12.9,84,10,2,0.0
1,24,98,0,0,257.55,7.8,130,6,1,0.0
0,30,141,0,1,323.1,7.8,89,6,1,0.0
1,39,48,0,0,192.3,8.9,80,3,0,0.0
0,43,103,0,0,297.75,12.4,124,5,0,0.0
1,36,76,0,0,409.05,7.7,105,2,0,1.0
0,29,87,0,0,483.75,9.4,128,4,2,1.0
1,52,103,0,0,369.75,11.7,96,4,1,0.0
1,33,112,0,0,365.1,12.8,94,2,1,0.0
0,40,157,0,0,294.0,7.9,81,6,1,0.0
1,27,50,0,1,321.45,10.6,130,4,1,0.0
0,49,178,0,0,413.1,13.6,126,3,1,0.0
1,36,163,0,1,347.85,12.3,74,3,2,0.0
0,42,121,1,1,381.15,8.7,129,4,3,0.0
1,38,18,0,0,410.4,8.2,120,4,1,0.0
1,36,131,0,1,103.65,9.1,94,4,0,0.0
1,39,120,0,0,298.2,9.9,81,3,2,0.0
1,39,127,0,0,331.5,6.8,96,4,2,0.0
0,41,122,0,0,365.7,13.7,84,8,2,0.0
0,25,66,0,1,382.35,5.4,95,3,2,0.0
0,54,110,0,0,277.65,6.3,104,4,3,0.0
1,34,90,0,0,218.25,10.9,123,2,3,0.0
0,33,92,0,0,398.4,8.6,113,2,1,0.0
0,35,36,0,0,175.65,9.0,108,2,0,0.0
0,44,108,0,0,369.3,9.4,95,5,1,0.0
1,46,126,0,0,339.3,6.4,110,2,0,0.0
0,32,84,0,1,238.65,13.0,108,18,1,0.0
1,33,35,0,0,223.95,8.9,104,6,2,0.0
0,43,137,0,0,220.8,10.2,105,4,1,0.0
1,32,66,0,0,384.45,6.2,135,7,2,0.0
1,33,98,0,0,325.2,11.0,79,9,0,0.0
1,62,156,0,0,268.2,7.5,77,3,1,0.0
0,35,22,0,1,273.15,12.7,102,4,3,0.0
1,44,111,0,0,286.95,6.4,107,3,2,0.0
1,23,91,0,0,229.5,10.3,76,15,1,1.0
0,59,176,0,1,424.8,7.2,104,6,1,0.0
0,29,182,0,0,157.35,8.0,91,5,2,0.0
0,32,29,0,0,295.2,12.7,98,7,2,0.0
1,29,189,0,0,312.45,11.3,120,5,3,0.0
0,37,106,1,0,306.0,13.3,102,3,3,1.0
1,55,79,0,0,320.4,8.8,157,3,2,0.0
1,42,96,0,1,263.7,11.1,105,2,2,0.0
0,38,109,0,0,328.35,11.3,110,4,2,0.0
1,47,136,0,0,389.1,10.7,78,6,1,1.0
1,49,140,0,0,353.25,11.5,111,4,2,0.0
0,25,58,0,0,168.3,13.9,78,1,0,1.0
0,39,56,0,0,379.8,4.4,133,4,1,0.0
0,44,122,0,1,219.6,15.6,91,4,2,0.0
1,46,153,0,0,183.75,8.0,71,3,2,0.0
1,46,138,0,0,200.85,15.4,139,3,1,0.0
1,62,114,0,0,258.0,10.1,100,9,1,0.0
0,49,99,1,0,363.45,11.3,93,3,0,1.0
0,35,131,0,1,289.05,10.9,59,6,2,0.0
1,44,114,0,0,254.4,7.4,124,8,1,0.0
1,29,86,0,1,296.85,10.1,120,9,0,0.0
0,47,154,0,0,287.1,10.2,121,3,3,0.0
0,38,51,0,0,389.85,15.3,112,1,1,0.0
1,37,118,0,1,256.2,9.6,98,5,5,1.0
0,46,106,0,0,315.9,12.4,88,1,2,1.0
1,39,108,1,1,195.15,13.6,80,5,3,1.0
1,30,166,0,0,331.05,12.4,102,9,1,0.0
1,46,131,0,0,141.6,13.1,108,9,2,0.0
1,32,64,0,0,309.3,13.6,96,2,1,0.0
0,42,76,1,0,361.5,9.9,67,1,1,1.0
0,36,127,0,0,399.9,5.9,119,2,1,1.0
1,23,72,0,0,248.85,12.0,120,5,2,0.0
0,39,1,0,1,312.0,8.1,144,9,1,0.0
1,32,143,0,0,334.95,4.5,84,4,0,0.0
1,44,114,0,1,231.6,10.3,103,5,0,0.0
0,26,118,0,0,231.9,12.6,102,5,2,0.0
0,36,93,1,1,338.55,14.0,125,7,1,1.0
1,23,117,0,0,153.45,15.7,93,10,3,0.0
1,22,120,0,0,318.15,5.3,96,5,1,1.0
0,30,108,0,0,254.4,9.3,78,4,0,0.0
0,34,131,0,0,169.2,10.1,105,5,0,0.0
0,32,83,0,1,233.85,13.1,105,5,3,0.0
0,32,157,0,1,291.45,7.1,114,5,1,0.0
0,41,132,0,0,149.25,9.7,124,3,0,0.0
1,51,149,0,0,356.4,9.1,111,9,0,0.0
1,37,83,1,0,407.25,11.7,105,4,1,0.0
1,42,24,0,0,398.4,11.1,105,6,2,1.0
1,36,107,1,0,351.15,10.0,100,3,1,0.0
1,46,62,0,1,279.6,11.1,103,3,2,1.0
0,39,100,0,0,160.5,12.8,74,3,4,1.0
1,23,122,1,1,324.6,12.7,99,4,1,0.0
1,27,153,0,0,277.95,15.1,124,3,1,0.0
1,44,2,1,0,198.15,9.1,119,1,2,1.0
0,41,130,0,0,102.6,10.4,139,4,0,0.0
0,36,109,0,0,333.3,10.9,88,5,1,0.0
1,60,93,1,1,281.25,12.1,127,4,1,0.0
0,27,91,0,1,348.6,12.3,128,3,3,0.0
0,33,115,0,1,213.15,9.6,114,4,1,0.0
1,33,156,0,0,185.55,13.1,82,4,1,0.0
0,33,73,0,0,319.5,13.5,89,3,0,0.0
0,57,128,0,1,334.35,10.8,101,4,0,0.0
0,59,135,0,0,395.7,8.4,112,2,5,1.0
0,34,115,1,0,374.85,15.3,121,6,1,1.0
0,32,3,0,1,101.1,11.4,93,2,2,0.0
1,37,66,0,1,160.05,12.1,117,2,1,0.0
1,36,161,0,0,332.55,6.5,113,4,3,0.0
0,26,149,0,0,103.65,6.3,53,3,1,0.0
1,38,140,0,0,224.7,8.1,124,2,1,0.0
1,39,120,0,1,359.1,7.7,132,3,0,0.0
0,39,111,0,1,308.25,14.0,95,4,1,0.0
0,48,136,0,1,135.6,13.1,115,4,0,0.0
0,42,129,1,0,401.1,5.9,146,4,1,0.0
1,58,138,0,0,362.7,11.8,104,7,3,0.0
0,47,152,0,0,151.8,7.5,124,3,2,0.0
0,54,79,0,0,62.85,11.4,55,5,1,0.0
1,31,144,0,1,377.4,12.2,97,3,2,0.0
1,24,91,0,0,231.6,11.7,81,4,5,1.0
1,36,80,0,0,299.7,5.5,94,4,1,0.0
1,35,58,1,1,214.2,8.9,105,4,1,0.0
1,41,126,0,0,384.75,7.0,122,5,3,0.0
1,45,117,0,1,331.95,4.4,87,4,0,0.0
1,42,87,0,0,284.25,13.4,93,3,1,0.0
0,37,93,0,0,407.4,10.9,121,3,2,0.0
0,34,106,0,0,311.85,14.4,143,7,4,0.0
1,35,121,0,0,255.6,11.2,87,3,0,1.0
1,42,139,0,0,201.6,10.2,125,2,5,1.0
0,24,132,0,0,176.4,8.8,94,5,1,0.0
0,41,88,0,0,303.3,11.8,99,2,2,0.0
1,36,74,1,0,188.7,14.1,143,4,1,1.0
1,21,150,0,0,268.35,13.8,100,3,4,1.0
1,32,78,0,0,224.55,9.7,126,8,0,0.0
1,32,87,0,0,166.35,6.2,131,5,1,0.0
1,38,86,0,1,235.8,8.4,109,5,3,0.0
1,33,87,0,0,257.4,13.8,114,4,0,0.0
0,37,30,0,0,254.85,11.4,93,7,1,0.0
1,28,159,1,0,385.65,8.8,82,6,1,1.0
0,30,134,0,1,214.35,10.8,96,6,1,0.0
0,41,181,1,0,241.95,14.1,98,3,0,1.0
1,30,164,0,0,240.9,9.0,112,3,1,0.0
1,24,67,0,1,368.1,7.5,136,6,1,0.0
1,30,153,0,1,353.4,15.4,103,9,0,0.0
0,38,75,0,0,175.95,12.2,82,3,1,0.0
1,34,125,0,0,273.45,11.6,96,7,2,0.0
1,38,30,0,0,217.5,7.1,134,4,3,0.0
1,57,124,1,0,366.9,11.3,114,4,1,0.0
0,48,82,0,1,245.7,8.8,95,2,2,0.0
1,35,174,0,0,288.15,11.4,54,4,1,0.0
1,27,94,0,0,265.65,5.9,108,4,1,0.0
0,37,56,0,0,339.0,6.9,142,11,1,0.0
1,35,90,0,0,268.8,9.2,58,6,2,0.0
0,37,56,0,0,136.65,11.9,89,8,2,0.0
0,58,107,0,0,184.65,9.3,82,5,0,0.0
0,23,80,0,0,297.15,9.3,76,3,3,0.0
0,52,117,0,1,324.0,11.8,112,4,0,0.0
1,48,117,0,0,154.2,10.1,105,7,1,0.0
0,24,55,0,1,333.75,9.7,114,2,1,0.0
1,31,177,0,0,127.35,7.5,66,5,2,0.0
1,43,110,0,0,111.75,9.8,101,7,3,0.0
0,41,148,0,1,313.8,16.5,105,4,2,0.0
1,42,74,0,0,300.6,10.0,118,2,1,0.0
1,39,163,0,1,329.4,13.8,88,8,2,0.0
1,45,118,0,0,379.8,9.7,108,7,2,0.0
1,45,98,0,0,407.1,11.1,118,6,4,1.0
0,42,81,0,0,230.25,6.3,86,2,2,0.0
1,39,81,0,0,249.3,13.2,68,2,4,0.0
1,20,193,0,0,145.2,10.9,115,5,2,1.0
0,46,128,0,1,213.45,16.0,81,6,1,0.0
1,57,151,0,0,268.05,9.8,101,4,0,0.0
0,50,78,0,0,243.45,10.1,100,3,2,0.0
0,45,148,0,0,186.6,11.3,99,6,0,0.0
0,38,100,0,0,353.7,7.3,122,1,2,0.0
1,33,171,0,1,334.8,10.2,90,3,3,0.0
1,33,139,0,0,354.9,11.1,118,2,1,1.0
0,40,123,0,0,238.65,6.5,120,1,1,0.0
1,31,132,0,1,302.85,13.7,92,5,0,0.0
1,39,132,0,0,244.8,6.2,90,10,1,0.0
1,40,49,0,0,179.1,12.4,153,7,2,0.0
1,40,210,0,0,156.9,6.5,67,8,2,0.0
0,34,68,0,0,374.85,8.9,98,6,2,1.0
1,43,111,0,0,198.9,12.7,101,2,4,1.0
1,35,76,0,0,254.25,10.0,92,3,0,0.0
1,35,71,0,0,154.95,9.0,98,2,2,0.0
1,30,74,0,0,244.05,8.7,80,6,0,0.0
0,42,86,0,1,332.4,9.0,105,2,1,0.0
1,38,123,0,0,193.05,10.8,132,5,0,0.0
1,40,1,0,1,274.65,8.4,110,2,0,0.0
0,26,101,0,0,262.35,8.5,93,5,1,0.0
1,49,92,0,1,251.1,11.2,110,3,4,0.0
0,38,150,0,1,261.6,11.0,130,4,1,0.0
1,52,91,0,1,243.45,9.2,94,4,0,0.0
1,32,36,0,0,303.6,10.2,127,2,3,0.0
0,34,13,0,0,289.8,9.7,104,2,4,0.0
1,26,108,0,0,298.95,15.2,57,2,0,0.0
1,36,69,0,0,277.95,5.5,107,5,0,0.0
1,24,73,0,0,336.6,13.0,74,2,1,0.0
0,46,24,0,0,364.5,15.3,109,6,0,0.0
0,35,44,1,0,93.45,10.8,108,3,1,0.0
1,23,131,0,1,374.4,7.6,92,3,3,0.0
1,51,116,0,1,345.9,11.1,76,2,0,0.0
0,31,36,0,0,266.85,10.8,102,6,2,0.0
1,50,97,0,0,327.0,6.4,110,8,3,0.0
0,65,122,0,0,205.05,8.6,110,4,0,0.0
0,29,43,0,0,252.6,11.1,102,2,1,0.0
1,34,43,0,0,345.3,9.2,100,3,0,0.0
0,55,107,0,1,298.35,12.6,76,4,3,0.0
1,42,82,0,0,151.5,13.3,93,2,0,0.0
1,57,86,0,0,264.45,6.2,78,3,0,0.0
0,28,59,0,0,269.1,14.7,105,3,0,0.0
1,38,64,0,0,145.8,10.4,92,6,2,0.0
0,29,195,0,0,94.8,5.1,99,3,0,0.0
1,25,172,0,0,317.55,6.5,136,9,1,0.0
1,22,173,0,1,348.6,5.0,102,5,3,0.0
0,34,91,0,1,262.95,5.6,76,11,1,0.0
1,37,52,0,0,322.05,9.4,114,4,2,0.0
1,33,137,0,0,261.6,10.2,121,5,0,0.0
1,51,71,0,0,357.0,11.8,134,10,0,1.0
0,44,109,1,1,325.8,9.3,76,3,0,0.0
0,43,89,0,0,295.65,12.8,106,3,1,0.0
1,25,64,0,1,231.9,13.3,99,3,1,0.0
1,31,133,0,0,331.65,8.4,84,3,4,0.0
0,40,123,0,0,157.5,14.9,93,5,0,0.0
0,34,46,0,0,315.3,13.1,116,7,1,0.0
1,28,101,0,0,286.05,8.8,111,8,1,0.0
0,33,142,1,1,286.65,9.8,60,3,0,0.0
0,44,133,1,0,382.05,8.0,103,3,0,1.0
1,33,101,0,0,358.5,13.5,93,8,1,1.0
1,34,122,0,0,52.65,12.7,58,2,1,0.0
1,26,62,1,0,239.55,13.9,105,6,0,1.0
1,29,86,0,0,257.7,9.7,108,5,1,0.0
1,44,121,0,0,272.25,8.5,103,5,1,0.0
0,37,100,0,1,369.9,13.0,109,5,1,0.0
1,30,95,0,1,248.55,9.8,91,6,0,0.0
0,22,106,1,1,405.45,14.4,133,7,1,1.0
0,37,81,0,1,315.6,9.7,120,4,0,0.0
0,51,135,1,1,259.65,14.6,78,15,0,1.0
1,46,90,0,0,114.15,10.8,89,3,0,0.0
1,34,168,0,0,193.2,11.2,128,2,1,0.0
0,33,36,0,1,229.2,9.1,74,2,1,0.0
0,40,102,0,0,261.75,8.5,110,5,0,0.0
0,34,120,0,1,300.45,10.5,116,4,0,0.0
0,40,63,1,1,298.5,11.0,92,6,1,0.0
0,31,77,0,0,358.8,10.3,81,2,5,0.0
1,57,47,0,1,245.25,7.8,87,4,2,0.0
1,40,98,0,1,241.8,4.4,92,8,4,0.0
1,49,21,0,0,219.0,6.8,108,7,0,0.0
0,40,105,0,0,369.6,3.8,151,4,0,0.0
0,41,74,0,0,423.75,9.4,115,4,1,1.0
1,41,145,0,0,281.85,4.8,108,4,2,0.0
0,38,132,0,1,261.75,10.3,76,9,1,0.0
1,37,64,0,0,243.9,14.2,122,3,1,0.0
0,26,51,0,0,322.2,10.2,66,5,0,0.0
1,32,109,1,0,402.6,9.7,84,8,2,1.0
1,55,55,1,0,331.5,9.7,117,4,1,0.0
0,45,89,0,1,322.65,10.6,117,10,1,0.0
0,42,65,0,0,204.15,4.4,104,2,1,0.0
0,26,105,0,1,290.25,8.5,111,5,0,0.0
0,44,108,0,0,267.45,14.6,102,5,0,0.0
0,61,88,1,0,352.65,7.2,76,2,4,1.0
1,47,101,0,1,178.35,8.2,111,5,2,0.0
1,28,59,0,0,161.7,9.9,92,3,2,0.0
1,48,154,0,0,250.35,7.2,89,5,0,0.0
1,33,27,0,0,266.4,7.6,106,3,3,0.0
1,53,118,0,0,401.7,14.4,91,11,5,1.0
1,35,96,0,1,373.2,10.3,102,2,3,0.0
0,34,93,0,0,399.0,13.1,63,6,3,0.0
1,49,103,0,0,395.1,10.3,112,2,0,0.0
0,34,108,0,0,207.9,9.8,92,3,1,0.0
0,23,197,0,0,232.2,10.6,86,2,3,0.0
1,37,25,0,0,201.45,12.6,100,5,2,0.0
1,33,158,0,0,237.0,9.1,89,4,1,0.0
0,46,118,0,1,177.15,16.9,73,2,1,0.0
1,46,17,0,1,229.65,10.0,102,1,6,1.0
0,29,95,0,1,393.3,10.6,57,5,0,0.0
1,40,129,0,0,147.0,10.5,123,4,0,0.0
0,55,116,0,0,284.25,13.1,83,2,1,0.0
1,22,35,0,0,186.3,13.1,100,8,2,0.0
0,41,31,0,1,315.75,11.5,125,2,1,0.0
0,33,94,0,0,272.25,6.6,114,5,1,0.0
1,41,147,0,0,232.65,10.6,133,4,0,0.0
0,26,70,1,0,340.05,17.6,93,4,2,1.0
1,36,161,1,0,234.15,11.1,115,9,2,0.0
1,34,92,0,0,264.45,9.6,107,1,2,0.0
1,34,38,0,0,291.6,10.8,90,5,3,0.0
1,24,87,1,0,201.3,10.7,102,5,0,0.0
0,31,176,0,0,71.1,10.5,107,8,2,0.0
0,27,114,0,1,464.85,14.2,105,2,1,0.0
0,22,87,0,0,204.45,7.1,101,5,0,0.0
0,41,127,0,1,259.5,4.8,99,3,0,0.0
1,25,90,0,0,305.1,7.3,105,4,1,0.0
1,36,80,0,0,186.45,7.9,62,9,1,0.0
0,20,53,0,0,253.2,10.9,113,2,0,0.0
0,31,72,0,0,297.6,13.1,125,4,0,0.0
1,31,41,0,1,310.95,5.9,74,3,1,0.0
0,39,115,0,0,221.85,9.6,90,9,3,0.0
0,38,165,0,0,311.55,7.9,91,3,0,0.0
1,39,163,0,0,295.5,9.1,80,10,1,0.0
0,39,84,0,0,272.25,8.5,118,4,1,0.0
0,42,199,0,1,345.9,8.0,94,2,0,0.0
0,35,24,0,1,354.45,7.2,105,2,3,0.0
0,37,82,0,0,215.55,7.8,95,5,1,0.0
0,44,76,0,0,194.55,7.5,87,3,5,1.0
0,43,190,0,0,226.35,14.7,73,1,1,0.0
1,56,60,0,0,304.8,15.1,112,6,2,0.0
0,23,179,0,0,351.75,6.1,72,4,1,0.0
1,42,130,0,0,233.85,11.7,103,3,3,0.0
0,35,104,0,0,417.6,9.8,137,5,1,0.0
1,37,50,0,0,452.55,10.5,89,6,1,0.0
1,46,93,0,0,227.1,10.9,120,3,0,0.0
1,50,170,1,0,389.85,8.4,121,3,3,0.0
1,37,66,0,0,301.95,7.5,101,4,1,0.0
1,62,148,1,0,328.35,11.1,99,4,0,0.0
1,34,101,0,0,140.7,10.7,116,2,1,0.0
0,54,130,0,0,363.75,9.3,89,2,2,0.0
1,36,97,0,0,316.5,4.7,102,4,3,0.0
0,56,96,0,0,147.3,7.6,120,1,2,0.0
0,32,59,0,0,227.7,11.9,86,5,1,0.0
1,37,79,0,0,216.0,13.0,129,4,1,0.0
1,52,47,0,1,294.9,12.9,118,4,2,0.0
1,52,117,0,0,216.9,7.4,113,9,2,0.0
0,34,96,0,1,259.05,10.3,86,5,5,1.0
1,37,127,1,0,363.3,13.9,96,5,2,1.0
0,33,67,0,1,142.5,10.0,114,2,2,0.0
1,35,90,0,0,322.35,11.8,78,2,2,0.0
1,38,86,0,0,225.75,9.0,96,2,1,0.0
0,42,100,0,1,230.55,15.9,104,5,1,0.0
1,36,130,0,0,244.2,7.2,140,3,1,0.0
1,52,134,0,0,307.95,5.0,107,9,1,0.0
0,38,130,0,0,264.45,11.3,123,5,1,0.0
1,44,52,0,0,287.85,7.8,87,5,3,0.0
0,36,154,0,1,288.45,9.0,74,1,2,0.0
0,63,109,0,1,326.25,9.0,99,3,4,0.0
1,29,110,0,1,303.9,9.0,98,9,2,0.0
0,25,44,0,0,432.15,10.2,90,4,3,0.0
0,37,88,0,0,207.45,9.6,110,4,3,0.0
1,43,71,0,1,212.1,5.6,99,3,2,0.0
1,32,100,0,0,213.75,7.8,117,8,2,0.0
0,58,85,0,1,294.6,13.8,75,4,1,0.0
1,26,129,1,0,289.35,10.9,130,4,1,0.0
1,21,150,0,0,189.0,10.2,100,6,3,0.0
0,45,110,0,0,334.05,13.5,78,4,1,0.0
0,32,59,0,1,181.35,8.5,116,5,2,0.0
0,35,135,0,1,295.65,14.6,135,5,2,0.0
0,36,43,0,0,126.3,10.8,79,2,1,0.0
1,56,64,1,1,190.8,8.1,109,13,0,0.0
1,40,104,0,0,208.05,10.0,74,3,0,0.0
1,31,149,1,1,190.35,8.8,77,3,5,1.0
1,33,113,0,1,236.7,8.7,100,2,5,1.0
0,33,71,1,0,267.3,13.6,111,3,3,1.0
1,33,93,0,0,212.55,10.2,71,3,0,0.0
1,30,124,0,0,225.45,12.5,62,4,2,0.0
0,35,113,0,1,307.5,10.2,59,5,2,0.0
1,51,93,0,1,205.2,12.5,95,3,2,0.0
1,50,121,0,1,327.3,7.5,118,7,3,0.0
0,30,97,1,0,355.35,7.3,120,2,0,1.0
1,46,171,0,0,346.8,12.3,124,1,1,0.0
0,36,105,1,0,410.85,10.9,90,7,1,1.0
1,41,82,0,1,232.8,10.7,68,3,1,0.0
1,44,145,0,0,298.8,7.6,135,3,1,0.0
1,33,91,0,0,238.5,10.1,73,4,0,0.0
1,31,107,0,0,235.65,12.1,138,6,1,0.0
1,32,98,0,1,320.55,10.7,73,5,2,0.0
0,39,116,0,0,239.1,9.7,71,2,6,1.0
0,43,13,0,1,397.95,12.9,117,1,1,0.0
1,24,32,0,0,346.35,6.3,53,2,0,0.0
1,29,107,0,0,333.45,12.1,117,4,1,1.0
1,31,48,0,0,450.6,7.2,94,5,2,0.0
0,34,95,0,0,104.1,8.9,102,5,0,0.0
0,38,155,0,0,248.1,8.9,108,4,3,0.0
1,32,58,0,0,224.1,14.9,108,3,1,0.0
0,28,162,0,1,276.75,12.3,106,6,0,0.0
0,37,51,0,0,344.55,9.6,128,1,1,1.0
1,40,69,0,0,275.1,9.0,94,5,3,0.0
0,30,127,1,1,143.85,10.4,132,3,1,0.0
0,37,89,0,0,134.25,12.3,116,1,3,0.0
0,53,54,1,0,321.15,10.1,75,3,1,0.0
1,41,83,0,0,346.95,12.4,106,2,3,0.0
1,24,104,1,0,240.6,12.6,90,5,4,0.0
0,54,124,0,1,377.1,7.5,121,5,1,0.0
0,45,72,0,0,163.65,8.3,84,6,0,0.0
0,38,54,0,0,239.7,9.7,70,7,2,0.0
0,40,87,0,0,352.2,9.5,93,5,1,0.0
1,61,85,0,0,333.45,11.0,75,2,3,0.0
0,26,90,0,0,308.55,12.5,104,6,2,0.0
1,45,84,0,0,325.65,9.4,120,4,1,0.0
1,60,117,0,0,286.65,12.0,118,4,2,0.0
0,49,141,0,1,281.25,10.5,105,5,3,0.0
1,31,74,0,0,337.8,9.1,95,2,2,0.0
1,34,110,1,1,401.85,8.3,106,2,1,1.0
1,26,81,1,0,375.9,7.8,131,5,1,0.0
1,37,89,0,1,245.25,7.5,147,5,2,0.0
0,41,96,0,1,225.0,8.5,55,3,1,0.0
0,42,78,0,0,211.05,11.7,107,5,0,0.0
1,31,123,0,0,258.3,8.7,101,4,1,0.0
1,57,131,1,1,439.35,13.8,127,7,4,1.0
0,42,55,0,0,179.55,4.6,113,2,2,0.0
1,54,106,0,0,334.5,7.1,107,12,0,0.0
1,37,108,0,1,414.9,9.8,95,6,2,0.0
1,25,129,0,0,297.6,9.2,101,2,2,0.0
0,21,92,0,0,236.55,13.8,99,3,1,0.0
1,37,133,1,0,190.95,10.3,88,3,1,0.0
1,35,62,0,0,181.05,13.1,99,6,4,0.0
1,29,95,0,0,291.9,3.8,92,2,3,0.0
0,52,105,0,0,320.1,9.5,93,6,1,0.0
0,32,36,0,1,422.1,9.0,113,6,2,0.0
1,40,123,0,0,239.25,12.0,120,4,0,0.0
0,34,92,0,1,233.1,8.0,118,4,3,0.0
1,35,86,0,1,106.35,11.1,105,5,3,0.0
0,32,106,0,0,247.95,8.5,93,3,2,0.0
0,46,74,0,1,231.15,10.9,57,9,2,0.0
0,33,121,0,0,226.05,9.2,116,15,1,0.0
1,46,146,1,0,306.6,10.5,114,6,3,0.0
0,34,121,1,0,251.55,13.4,115,1,3,1.0
0,24,128,1,1,335.25,9.4,101,2,2,1.0
0,34,115,0,0,367.8,7.2,74,8,0,0.0
0,30,140,0,0,169.2,16.3,85,6,0,0.0
0,36,82,0,0,278.7,5.7,104,7,4,0.0
1,37,86,0,1,178.5,9.5,58,3,0,0.0
1,28,112,0,0,173.7,13.1,78,5,1,0.0
0,38,82,0,0,188.55,12.9,103,2,1,0.0
0,40,86,0,1,391.8,12.7,101,5,2,0.0
1,26,70,0,0,157.05,15.8,110,7,3,0.0
1,36,93,0,0,228.6,6.6,120,5,3,0.0
1,33,104,0,0,255.9,6.1,131,1,1,0.0
1,35,47,0,1,168.3,10.6,105,2,0,0.0
1,28,102,0,1,187.95,6.3,68,2,3,0.0
0,44,51,0,0,272.25,10.3,119,2,1,0.0
1,33,43,0,0,268.95,8.0,114,5,0,0.0
1,26,81,0,0,392.1,8.0,96,6,1,1.0
0,24,147,0,1,381.3,13.8,125,7,5,0.0
1,57,84,0,0,238.5,12.3,101,5,1,0.0
0,48,126,0,0,242.1,5.1,78,2,0,0.0
1,40,79,0,0,220.5,8.4,107,9,1,0.0
0,43,124,0,0,236.25,9.6,98,4,3,0.0
1,31,176,0,0,334.8,10.1,80,2,3,0.0
1,34,75,0,1,263.7,5.3,134,4,5,0.0
1,44,118,1,0,335.1,6.3,118,6,0,0.0
0,28,73,0,0,288.3,9.4,87,6,1,0.0
1,23,86,0,0,188.25,8.9,110,8,1,0.0
1,45,141,0,0,190.35,8.0,128,2,1,0.0
1,36,33,0,1,236.1,13.9,79,11,4,1.0
0,37,95,0,0,305.1,13.7,105,3,2,0.0
0,28,115,1,0,183.0,10.8,124,2,2,1.0
1,37,83,0,1,117.75,11.8,102,4,1,0.0
1,36,130,0,0,265.35,9.5,69,2,1,0.0
0,25,82,0,0,300.45,7.1,60,1,4,0.0
1,40,77,0,0,367.8,7.5,91,4,0,1.0
0,28,124,0,1,216.75,12.0,82,7,2,0.0
0,37,74,0,0,233.55,8.1,97,4,0,0.0
1,21,90,0,0,169.8,14.1,124,4,3,0.0
0,30,117,0,1,157.35,7.7,104,6,3,0.0
0,60,32,0,0,256.8,10.2,64,7,1,0.0
0,33,99,0,0,333.6,12.0,81,8,2,0.0
1,38,103,0,0,307.35,10.4,106,3,5,0.0
0,49,83,0,1,142.5,11.2,79,2,0,0.0
0,40,98,0,0,189.45,9.4,135,2,3,0.0
1,36,92,0,0,295.5,10.8,105,4,1,0.0
1,40,161,0,1,327.75,7.3,121,4,1,0.0
0,25,85,0,0,318.45,7.7,116,3,0,0.0
0,38,128,1,0,367.8,10.7,116,5,0,0.0
1,42,80,0,0,224.7,10.9,75,7,2,0.0
0,56,93,1,0,197.1,11.1,103,2,1,1.0
1,23,80,0,0,403.05,5.8,140,1,2,0.0
0,34,146,0,0,283.95,7.4,83,3,0,0.0
1,40,113,0,0,225.15,11.0,105,3,2,0.0
1,44,54,0,0,201.45,14.7,68,4,3,0.0
0,40,51,0,0,296.7,8.9,134,5,1,0.0
1,44,149,0,1,298.35,14.3,76,9,1,0.0
0,32,113,0,0,290.7,10.6,67,6,1,0.0
1,39,86,0,1,149.85,9.8,90,7,2,0.0
0,27,126,0,0,263.1,10.6,93,1,0,0.0
1,36,66,0,1,281.7,12.0,113,3,2,0.0
0,38,94,1,0,364.8,7.2,99,4,4,0.0
1,39,125,0,0,252.9,10.9,92,7,0,0.0
1,42,153,0,1,327.75,9.4,105,6,0,0.0
0,38,101,0,1,216.15,14.5,107,3,1,0.0
1,33,85,0,0,315.45,11.2,82,7,1,0.0
0,48,124,0,0,289.5,15.3,104,3,1,0.0
0,47,79,0,1,396.45,6.3,92,3,4,0.0
0,60,148,0,1,367.35,15.2,91,4,2,0.0
0,29,70,0,0,297.9,10.6,105,6,2,0.0
1,59,176,0,0,376.35,9.6,85,6,2,0.0
0,39,106,0,0,238.05,10.2,103,4,1,0.0
1,31,84,0,0,286.5,6.5,79,4,0,0.0
0,54,130,0,0,310.65,12.4,100,2,1,0.0
0,35,125,0,1,301.95,5.4,104,3,1,0.0
0,44,110,0,0,222.75,12.4,112,3,1,0.0
1,29,116,0,1,290.1,11.4,98,3,5,0.0
1,30,131,0,0,166.35,15.8,114,9,1,0.0
0,33,76,0,0,305.4,8.4,97,3,0,0.0
1,30,110,0,0,224.7,11.7,119,4,2,0.0
0,50,117,0,0,242.4,13.8,111,2,1,0.0
1,58,111,0,0,213.45,12.8,94,9,2,0.0
1,37,122,0,1,262.35,13.5,116,3,1,1.0
1,39,90,0,1,278.4,11.1,120,5,2,0.0
0,24,121,0,1,355.65,10.1,85,5,4,0.0
1,26,167,0,0,311.4,14.1,98,5,0,0.0
1,46,155,0,0,276.9,7.8,122,1,1,0.0
0,40,44,0,0,342.15,9.9,77,5,2,1.0
0,58,61,0,0,390.0,9.0,70,3,1,1.0
0,44,141,0,0,323.4,12.4,107,6,1,0.0
0,30,95,1,1,205.2,10.3,67,9,5,1.0
1,39,142,0,0,280.5,7.4,127,5,2,0.0
0,40,99,1,0,295.8,9.9,99,6,4,0.0
1,33,60,0,1,287.7,12.8,62,3,2,0.0
1,46,78,0,0,289.65,10.2,119,1,0,0.0
1,28,100,0,0,371.7,6.9,125,2,1,0.0
1,44,97,0,1,252.6,8.5,95,7,0,0.0
0,36,106,0,0,192.9,11.4,113,2,0,0.0
1,59,60,0,0,268.95,13.5,98,6,1,1.0
1,39,78,0,0,337.65,14.6,102,2,0,0.0
1,31,96,0,1,275.1,10.5,93,5,1,0.0
0,32,155,0,0,244.5,15.1,109,4,2,0.0
1,29,118,0,1,434.25,9.5,88,4,1,0.0
0,35,90,0,1,142.2,11.4,65,5,1,0.0
1,30,123,0,0,310.35,7.7,136,2,3,0.0
1,24,141,0,0,124.8,10.7,79,7,1,0.0
0,49,80,0,0,241.65,10.6,116,4,1,0.0
0,25,140,0,0,194.4,9.4,124,10,3,0.0
1,49,64,0,1,342.9,9.0,124,1,3,0.0
0,42,54,0,1,310.35,9.2,120,1,3,0.0
0,46,110,0,0,363.75,7.8,86,3,4,0.0
0,28,31,0,0,265.95,5.1,92,2,0,0.0
0,34,30,0,1,326.1,6.6,104,3,0,0.0
0,31,36,0,1,219.45,14.5,109,6,0,0.0
0,35,27,0,0,301.8,8.4,91,3,2,0.0
0,39,64,0,1,141.6,4.5,89,4,0,0.0
0,35,79,0,1,155.55,14.8,102,4,2,0.0
1,58,107,0,1,421.65,11.2,128,9,1,0.0
0,41,84,0,0,195.3,14.0,74,6,2,0.0
1,38,112,0,0,325.65,9.4,91,3,2,0.0
1,45,112,0,0,408.75,16.4,94,5,3,1.0
1,24,84,0,0,285.3,9.8,102,6,2,0.0
1,35,28,0,0,281.7,10.6,124,5,0,0.0
1,24,74,0,0,281.55,9.1,94,5,0,0.0
0,39,99,0,1,324.0,9.3,100,4,2,1.0
1,43,169,0,0,268.8,9.9,92,6,2,0.0
1,25,94,1,0,255.15,8.7,78,4,1,0.0
1,52,12,1,0,325.05,9.8,110,4,2,0.0
0,40,80,0,0,314.85,8.8,119,4,2,0.0
0,41,87,0,1,123.9,9.5,88,1,3,0.0
1,41,55,1,0,287.85,14.3,101,6,1,1.0
1,32,144,0,0,92.4,8.2,99,7,4,1.0
0,42,94,0,0,245.25,12.6,82,5,1,0.0
0,28,115,0,1,232.8,4.5,100,4,0,0.0
1,30,96,0,0,296.55,10.5,67,3,3,0.0
1,35,51,1,1,203.7,12.3,98,7,2,0.0
1,50,173,0,0,437.7,9.9,119,2,0,1.0
1,32,82,1,0,313.2,12.4,86,6,3,0.0
1,41,107,0,1,242.4,13.7,103,3,1,0.0
0,43,155,0,0,325.05,10.8,106,1,2,0.0
1,35,135,0,1,410.1,12.3,112,6,1,0.0
0,33,66,0,0,231.0,9.5,100,3,4,1.0
1,34,52,0,1,293.55,5.3,94,3,2,0.0
1,46,113,0,1,270.6,8.4,124,2,1,0.0
1,44,125,0,0,214.8,8.8,135,7,4,0.0
0,47,103,0,1,278.1,14.5,110,4,2,0.0
0,45,42,0,0,276.75,8.8,91,3,2,0.0
1,31,193,0,1,186.0,12.3,129,3,1,0.0
1,43,172,0,0,430.65,14.4,98,2,3,0.0
1,52,80,1,1,238.95,11.9,82,5,1,0.0
0,34,59,0,1,199.65,6.8,103,3,1,0.0
1,36,172,0,0,323.55,7.1,83,1,3,0.0
1,28,73,0,0,321.3,5.9,112,8,0,0.0
1,18,120,0,0,225.9,6.4,123,2,1,0.0
1,38,137,0,0,216.0,12.3,93,2,0,0.0
0,45,122,0,1,406.2,11.8,104,8,4,0.0
0,32,70,0,0,313.05,8.0,122,3,2,0.0
0,39,126,0,1,279.3,9.6,139,3,2,0.0
1,31,148,0,0,129.45,11.3,91,4,1,0.0
0,38,142,0,1,359.7,9.5,106,4,0,0.0
1,23,63,0,0,213.75,7.5,120,2,2,0.0
0,36,97,0,0,227.4,14.7,112,4,1,0.0
1,30,112,0,0,167.85,14.1,79,3,5,1.0
0,42,63,0,1,46.35,8.6,101,7,1,0.0
0,38,83,0,0,268.2,8.6,65,4,3,0.0
0,38,148,0,1,140.4,17.5,84,5,1,0.0
1,41,70,0,0,255.3,15.0,76,2,1,0.0
0,41,107,0,1,240.45,5.6,109,1,1,0.0
0,31,117,1,0,250.65,14.1,132,7,2,1.0
0,45,16,0,0,314.25,8.8,102,4,1,0.0
1,39,112,0,1,332.4,11.3,108,3,1,0.0
0,48,87,0,1,395.7,8.5,109,3,3,0.0
0,32,67,0,0,251.7,8.4,71,12,1,0.0
0,31,81,0,0,275.4,12.2,99,6,3,0.0
1,42,133,0,0,415.95,12.8,103,4,2,1.0
0,27,90,0,0,290.55,12.7,60,3,1,0.0
0,34,21,0,1,203.85,9.5,89,7,6,0.0
1,26,107,0,1,90.0,11.1,106,3,0,0.0
0,40,78,1,0,355.2,9.5,77,2,1,1.0
1,41,172,0,0,258.75,5.9,113,6,0,0.0
0,37,9,0,1,321.15,10.1,117,3,1,0.0
0,37,83,0,0,332.1,9.8,100,5,3,0.0
0,27,63,0,1,322.35,8.2,139,5,0,0.0
0,40,125,0,0,210.15,8.0,77,2,1,0.0
1,38,85,0,0,191.85,12.5,76,5,0,0.0
0,33,68,0,1,123.75,4.8,114,4,3,0.0
1,43,116,0,0,296.85,12.0,145,6,1,0.0
1,65,73,0,0,382.2,15.0,102,7,2,0.0
1,35,160,0,1,246.9,15.2,131,4,1,0.0
0,33,85,0,0,355.35,11.4,78,7,2,1.0
0,28,135,1,1,191.55,5.8,84,4,2,0.0
0,38,93,0,1,201.3,11.8,90,2,4,1.0
0,35,112,0,0,392.1,11.6,90,2,1,0.0
1,29,91,0,1,254.7,10.9,92,4,1,0.0
1,35,128,0,0,222.75,6.8,114,2,1,0.0
0,30,126,0,1,230.1,12.8,97,4,4,1.0
1,42,103,0,1,130.8,10.9,80,5,6,1.0
1,36,123,0,0,310.35,8.3,60,2,3,0.0
0,29,30,0,0,243.45,9.1,89,4,2,0.0
1,32,121,0,0,154.95,10.7,113,3,0,0.0
0,37,124,0,0,267.6,12.0,91,2,0,0.0
0,31,32,0,0,247.2,14.8,108,2,2,0.0
0,31,67,0,0,323.25,8.6,106,6,1,0.0
0,37,68,0,0,320.85,8.4,97,3,1,1.0
1,35,128,0,1,256.8,14.0,93,6,1,0.0
0,46,68,0,0,239.25,11.4,76,3,1,0.0
1,43,11,0,1,285.9,6.0,80,3,3,0.0
0,42,12,0,0,374.4,11.8,90,3,1,1.0
1,33,81,1,0,341.1,11.9,113,3,0,0.0
1,45,81,1,0,224.1,17.9,97,3,3,1.0
1,35,52,0,0,323.85,5.2,130,2,1,0.0
1,35,70,0,0,194.85,14.3,93,3,1,0.0
1,38,88,0,0,288.0,7.5,125,5,1,0.0
0,28,115,0,0,276.15,7.5,106,6,2,0.0
1,29,134,0,0,312.45,12.6,86,3,1,0.0
0,47,136,1,0,298.8,11.8,105,7,1,0.0
0,27,76,0,1,240.15,9.5,102,4,3,0.0
1,28,126,0,0,481.95,8.0,106,4,1,1.0
1,45,144,0,0,209.4,15.0,75,4,2,0.0
1,45,106,0,0,320.85,12.2,124,5,3,0.0
1,41,74,0,0,346.35,9.7,101,2,3,0.0
0,39,143,0,0,258.45,13.0,119,4,2,0.0
0,40,41,0,0,215.4,8.6,110,3,1,0.0
0,29,30,0,0,206.4,5.8,126,10,3,0.0
1,33,90,0,0,153.0,11.4,105,3,2,0.0
0,49,139,0,0,294.0,9.8,92,1,3,0.0
0,25,174,0,0,186.45,15.5,115,5,3,0.0
1,26,16,0,0,262.05,10.5,80,8,5,0.0
0,39,46,0,0,386.1,13.4,107,5,2,1.0
1,53,126,1,1,193.95,9.6,102,7,1,0.0
1,31,92,0,1,364.65,12.1,104,2,2,0.0
1,39,22,0,1,298.65,4.2,91,1,1,0.0
1,38,105,1,1,331.05,13.2,100,6,1,1.0
1,40,91,0,0,304.65,12.0,129,3,3,0.0
0,36,119,0,0,207.45,13.5,98,6,3,0.0
1,42,135,0,0,359.85,5.9,118,3,2,0.0
0,37,98,0,1,417.45,9.7,42,5,0,0.0
0,31,63,0,0,230.25,6.5,85,5,2,0.0
1,36,60,0,0,330.9,6.8,129,3,1,0.0
1,35,131,0,0,164.25,6.6,108,7,1,0.0
0,35,119,0,0,265.2,7.5,77,15,1,0.0
1,44,82,0,0,215.85,11.1,94,2,1,0.0
1,38,86,0,0,339.45,13.0,92,3,4,0.0
1,45,64,1,0,354.3,13.2,97,2,2,1.0
0,43,160,0,0,124.05,10.9,54,9,0,0.0
1,38,69,1,0,419.7,8.4,118,10,2,1.0
0,62,108,0,1,247.65,10.9,114,4,1,0.0
0,27,105,0,0,309.3,9.0,91,3,1,0.0
1,37,67,0,1,194.4,14.5,93,5,1,0.0
1,30,95,1,0,248.25,11.5,89,2,1,1.0
1,22,71,0,0,296.85,6.7,56,5,3,0.0
1,36,147,0,0,314.1,11.3,123,3,2,0.0
1,40,45,0,1,203.7,7.9,92,6,2,0.0
0,38,66,0,0,307.65,9.2,95,6,2,0.0
1,36,88,0,0,397.2,14.8,115,2,1,1.0
1,53,45,0,0,311.4,12.4,125,13,1,0.0
1,52,162,0,0,106.05,9.1,82,3,4,1.0
1,36,99,0,1,301.05,9.1,102,5,1,0.0
1,38,35,0,0,158.4,8.7,77,3,0,0.0
0,26,41,0,1,359.7,7.3,100,1,2,0.0
1,51,13,0,1,473.4,12.1,123,3,3,0.0
0,47,93,0,0,268.95,11.5,131,6,3,0.0
1,33,46,0,0,321.15,8.2,113,3,2,0.0
1,22,105,0,1,152.85,12.9,77,2,0,0.0
0,34,48,0,0,297.3,5.1,73,5,1,0.0
1,42,90,0,0,268.65,10.6,91,7,3,0.0
0,36,92,1,1,421.65,7.5,76,3,0,0.0
1,38,75,0,1,177.75,13.4,99,3,2,0.0
0,41,85,0,1,424.8,6.3,80,1,5,0.0
0,35,143,0,0,313.65,14.0,90,6,0,0.0
1,40,157,0,0,331.05,11.5,113,7,4,0.0
1,48,127,0,0,359.7,11.3,110,5,1,0.0
1,41,149,0,0,326.55,9.6,99,3,3,0.0
0,25,117,0,0,272.25,14.7,82,9,2,0.0
1,30,92,1,0,93.9,10.4,80,2,1,1.0
0,46,99,0,0,218.4,10.9,83,5,1,0.0
0,35,67,1,1,271.65,16.9,106,4,0,1.0
0,28,146,0,0,254.25,9.0,115,7,2,0.0
1,32,111,0,0,264.6,11.2,138,2,0,0.0
0,35,163,0,0,286.95,12.8,121,4,1,0.0
1,31,48,0,1,258.0,8.0,96,5,1,0.0
1,36,69,0,0,342.3,10.7,60,5,3,0.0
0,37,52,0,1,195.15,13.5,87,5,2,0.0
0,35,97,0,0,414.15,8.9,73,4,0,1.0
1,46,135,0,1,302.1,12.9,131,4,2,1.0
1,43,20,0,0,285.0,6.3,102,6,0,0.0
0,27,44,0,0,360.45,10.6,106,2,1,0.0
1,30,136,0,1,214.65,11.4,120,5,2,0.0
0,38,141,0,1,278.1,8.0,107,3,4,0.0
1,30,120,0,0,247.5,8.3,86,8,1,0.0
1,38,51,0,0,274.65,7.0,121,3,1,0.0
1,34,132,0,0,125.1,7.6,114,5,1,0.0
0,27,50,0,0,283.35,11.6,124,8,3,0.0
1,28,63,0,0,88.35,9.4,88,3,1,0.0
1,32,92,0,1,201.0,9.7,118,4,0,0.0
0,38,73,0,0,273.45,18.0,113,5,1,0.0
0,27,71,0,1,274.8,11.9,109,6,1,0.0
1,30,114,0,1,187.8,12.9,89,3,1,0.0
0,22,86,0,0,125.25,12.6,75,3,0,0.0
1,27,40,0,0,173.55,9.3,91,6,1,0.0
0,29,78,0,0,313.35,12.8,120,7,0,0.0
0,46,108,0,0,168.0,4.1,93,4,4,1.0
1,56,159,0,0,283.65,10.4,106,5,1,1.0
0,42,101,0,1,300.15,15.5,90,4,0,0.0
1,62,54,0,0,315.75,8.5,53,5,1,0.0
1,42,153,0,0,293.1,11.6,97,6,1,0.0
1,26,121,0,1,290.7,5.9,95,4,0,0.0
0,49,103,0,1,181.5,7.7,76,4,2,0.0
1,34,72,0,0,311.7,13.1,124,4,0,0.0
0,43,97,0,0,254.55,12.8,83,6,3,0.0
0,39,105,0,0,154.2,13.2,113,5,2,0.0
1,40,197,1,0,190.95,13.7,95,5,5,1.0
1,54,169,0,0,151.2,9.5,95,2,0,0.0
1,42,68,0,1,264.0,14.7,71,7,1,0.0
1,47,97,0,0,169.05,6.5,76,5,1,0.0
1,36,75,0,0,339.15,10.3,98,5,1,0.0
0,38,112,0,0,255.6,11.6,100,4,1,0.0
1,32,78,0,0,208.8,11.8,125,3,3,0.0
0,39,76,0,0,306.3,10.5,105,2,0,0.0
1,51,120,0,1,230.25,10.2,94,7,5,0.0
0,45,165,0,0,231.3,10.9,99,4,6,0.0
1,37,124,0,0,277.2,10.5,95,6,1,0.0
1,41,107,0,0,200.7,8.9,115,4,0,0.0
0,22,126,0,0,343.05,11.8,100,4,1,0.0
1,45,138,0,0,255.75,11.2,111,7,2,0.0
0,42,116,0,0,206.1,12.4,64,2,3,0.0
0,35,100,0,1,88.2,7.1,118,3,0,0.0
0,33,84,0,0,207.9,7.8,137,4,0,0.0
1,31,155,0,0,393.6,8.3,85,6,2,0.0
1,43,121,0,0,311.85,7.7,114,2,2,0.0
0,37,123,0,0,316.5,9.8,104,7,3,0.0
1,32,129,0,1,307.5,11.7,81,8,1,0.0
0,53,129,0,0,209.25,13.1,97,8,0,0.0
0,41,158,0,0,334.2,6.9,106,2,2,0.0
0,26,75,0,1,196.35,12.4,68,4,1,0.0
1,29,115,0,0,429.6,6.9,141,6,1,1.0
1,38,111,0,0,265.35,10.5,84,2,4,1.0
0,20,61,0,0,296.55,7.0,93,3,2,0.0
1,44,42,0,0,294.75,4.0,105,7,0,0.0
1,38,54,0,0,429.9,11.5,107,5,1,1.0
1,52,96,0,1,391.95,11.3,97,2,1,0.0
0,35,126,0,0,317.4,7.8,60,1,1,0.0
1,37,112,0,0,252.9,9.8,110,5,1,0.0
1,48,87,0,0,355.8,11.0,81,3,1,0.0
1,25,125,0,0,205.65,8.6,114,4,1,0.0
0,38,59,0,0,232.8,8.7,80,4,1,0.0
0,36,129,0,0,501.45,10.4,83,6,0,1.0
0,39,121,0,0,286.05,9.8,103,4,3,0.0
0,40,32,0,0,236.85,12.8,102,3,1,0.0
0,36,116,0,0,251.7,7.3,128,4,2,0.0
0,32,110,0,0,243.0,8.9,99,8,0,0.0
1,35,36,0,1,224.1,6.7,87,2,0,0.0
1,43,81,0,0,263.25,10.2,98,3,1,0.0
1,35,66,0,1,286.2,8.9,108,6,0,0.0
0,27,64,0,1,273.15,10.6,86,5,2,0.0
1,56,143,0,0,178.65,12.2,100,4,0,0.0
1,44,70,0,0,349.2,12.9,104,7,0,1.0
0,28,138,1,0,69.75,9.6,95,4,4,1.0
1,27,65,0,0,316.95,13.2,118,5,3,0.0
0,31,85,0,0,389.7,5.4,72,1,0,0.0
0,36,159,0,1,170.85,11.8,137,9,1,0.0
1,43,85,0,0,145.05,9.7,88,3,2,0.0
1,42,98,0,0,244.2,6.0,104,3,2,0.0
1,44,131,0,0,317.7,10.8,96,7,0,0.0
1,32,110,0,0,197.85,7.1,105,4,1,0.0
0,25,77,0,0,213.45,9.9,82,1,1,0.0
0,49,158,0,0,303.0,10.4,84,6,1,0.0
1,35,155,0,1,274.95,5.1,90,7,1,0.0
1,40,87,0,1,215.25,11.2,69,5,0,0.0
0,50,116,0,0,288.15,7.9,94,2,3,0.0
0,28,149,0,0,310.95,8.6,83,4,1,0.0
1,38,86,0,0,285.75,10.1,89,5,3,0.0
0,25,146,0,1,303.75,7.8,77,2,1,0.0
1,40,179,0,0,328.8,6.1,104,5,0,0.0
1,29,106,0,0,267.6,9.6,105,2,0,0.0
1,30,134,0,0,304.05,12.1,108,7,0,0.0
1,49,68,0,0,197.4,10.2,107,5,3,0.0
0,46,59,0,0,225.3,12.1,128,2,1,0.0
1,42,60,0,0,379.05,12.4,100,4,2,0.0
1,40,29,1,1,352.5,5.7,106,7,2,0.0
1,56,100,0,0,106.2,9.5,125,1,6,1.0
0,20,185,1,1,231.15,12.9,105,3,2,0.0
0,30,100,1,0,102.75,12.1,99,9,0,0.0
0,24,185,0,1,284.7,7.5,126,3,1,0.0
0,43,157,0,1,288.9,6.8,139,5,3,0.0
0,42,158,0,0,331.35,6.4,75,5,0,0.0
0,37,86,0,1,338.1,12.9,112,3,1,0.0
0,35,41,0,1,291.6,17.2,115,9,2,0.0
0,28,72,0,1,144.9,6.2,117,4,4,1.0
1,28,101,1,0,290.55,11.6,100,8,0,0.0
1,47,157,0,0,336.75,11.5,118,2,2,0.0
0,36,93,0,1,176.85,9.8,86,3,1,0.0
0,33,75,0,0,249.45,6.1,80,5,1,0.0
0,54,136,0,0,213.45,6.0,75,11,2,0.0
1,33,136,0,0,138.0,10.3,90,10,1,0.0
1,42,45,0,1,137.55,7.7,103,5,1,0.0
1,47,101,0,1,181.65,10.1,75,6,0,0.0
1,49,67,0,0,269.7,10.9,97,4,0,0.0
0,39,91,1,1,140.25,9.9,133,3,0,0.0
1,46,87,1,0,250.95,11.0,88,6,1,0.0
0,47,68,0,0,334.2,11.0,111,3,3,0.0
0,36,88,0,1,329.25,16.1,92,5,1,0.0
1,59,55,0,0,283.5,17.1,87,6,0,0.0
1,50,86,0,0,335.85,7.3,143,9,1,0.0
1,32,73,0,0,321.45,10.8,92,13,1,0.0
0,46,215,0,0,125.4,10.7,110,9,0,0.0
0,31,105,0,0,173.25,13.3,90,5,3,0.0
1,35,62,0,0,239.85,5.6,109,4,1,0.0
1,50,111,0,0,148.95,9.0,94,6,3,0.0
0,48,46,0,0,187.2,8.6,72,4,2,0.0
1,56,117,1,0,81.3,8.6,84,2,1,1.0
0,43,136,0,0,375.3,13.0,114,2,1,1.0
0,37,113,0,0,193.05,9.2,135,4,2,1.0
0,25,75,0,0,471.9,5.7,100,3,2,1.0
0,30,139,0,0,289.2,13.0,101,3,3,0.0
1,58,113,0,0,323.25,6.6,91,9,4,0.0
0,32,158,0,0,314.85,8.2,93,3,1,0.0
1,33,11,0,1,197.25,10.0,87,3,2,0.0
1,29,132,0,0,287.85,12.6,88,2,1,0.0
1,39,41,0,0,314.85,9.6,104,4,1,0.0
1,53,74,0,0,159.6,11.4,81,3,1,0.0
1,42,37,0,0,350.55,12.0,101,2,2,0.0
0,35,130,0,1,212.85,8.7,101,5,0,0.0
1,29,128,0,0,293.4,16.0,76,2,0,0.0
1,37,118,1,1,230.7,9.2,103,6,1,0.0
1,31,50,0,0,387.15,11.7,110,5,1,0.0
0,33,99,0,1,131.55,7.3,112,4,2,0.0
0,28,76,0,0,449.25,13.7,134,4,0,1.0
1,27,107,1,0,410.25,11.0,67,9,2,0.0
0,29,83,0,0,341.85,12.1,100,5,1,0.0
1,57,96,1,0,300.9,11.2,95,5,2,0.0
0,46,98,0,0,309.75,12.4,115,5,5,0.0
1,43,63,0,1,228.3,12.3,103,5,1,0.0
0,51,104,0,0,351.3,9.8,79,6,0,1.0
1,29,123,0,0,171.6,11.0,102,3,0,0.0
1,45,88,0,0,98.1,13.8,113,1,2,0.0
0,44,131,0,1,234.9,13.4,120,10,1,0.0
0,42,20,0,1,257.25,7.1,125,3,0,0.0
1,54,13,0,0,87.6,11.9,115,5,1,0.0
1,25,168,0,1,263.85,7.3,81,5,2,0.0
1,38,92,1,0,196.05,9.4,98,2,2,1.0
0,29,147,1,0,235.5,7.1,96,6,0,0.0
0,37,142,0,1,356.1,9.2,110,3,3,0.0
0,40,70,0,0,263.1,11.6,96,4,0,0.0
0,52,141,0,0,240.15,7.0,107,1,2,0.0
0,31,95,0,0,403.5,7.3,61,4,2,1.0
0,31,13,0,0,219.6,11.3,96,3,1,0.0
1,36,37,0,0,309.0,8.4,86,11,0,0.0
1,38,78,0,0,346.5,9.5,120,3,1,0.0
1,38,105,0,0,210.9,6.8,83,3,2,0.0
0,32,68,1,0,222.75,14.5,121,7,1,1.0
0,63,142,0,1,231.0,10.8,83,5,1,0.0
1,32,77,0,0,284.25,9.2,91,7,0,0.0
1,33,101,0,0,230.7,11.6,77,2,4,0.0
1,42,56,0,0,226.35,11.7,115,5,3,0.0
1,31,112,0,1,170.55,10.0,118,3,2,0.0
1,41,98,0,0,109.2,10.5,110,4,3,0.0
1,38,79,0,0,392.55,6.0,83,3,3,1.0
0,44,83,0,0,202.2,7.7,123,5,2,0.0
1,50,15,1,0,212.1,8.1,88,3,2,0.0
1,30,182,0,0,264.15,9.7,134,4,1,0.0
0,51,167,1,0,367.2,10.7,110,3,2,0.0
0,48,98,0,0,247.5,12.5,94,7,1,1.0
0,38,119,0,0,238.65,8.8,91,3,5,1.0
0,59,162,0,0,330.9,10.5,89,11,1,0.0
0,57,96,0,0,146.4,11.6,105,9,1,0.0
1,30,43,0,0,265.8,12.7,144,2,4,0.0
0,46,109,0,0,243.9,11.5,118,4,0,0.0
1,58,61,0,1,381.6,10.5,91,4,0,0.0
0,18,64,0,0,218.25,8.9,91,8,1,0.0
0,37,47,0,1,211.95,7.8,84,2,1,0.0
1,42,80,0,0,222.9,10.0,86,2,2,0.0
1,24,66,0,0,51.0,11.5,120,3,0,0.0
0,42,73,0,1,291.6,11.5,110,3,0,0.0
0,27,116,0,1,402.9,11.6,106,3,2,0.0
0,64,134,0,0,265.8,8.9,113,3,2,0.0
1,39,46,0,0,246.3,8.1,119,1,1,0.0
1,33,83,0,0,506.1,15.8,114,7,0,1.0
0,62,79,0,0,331.35,12.2,74,2,1,0.0
0,47,75,0,0,214.8,11.9,96,9,1,0.0
1,34,87,0,1,361.2,7.1,115,3,2,0.0
0,22,95,0,0,251.4,13.4,113,6,2,0.0
0,34,43,1,0,377.25,9.3,67,4,0,0.0
1,31,112,0,1,274.8,9.7,95,3,0,0.0
0,36,127,1,0,265.35,7.7,138,2,1,1.0
0,36,59,0,0,249.45,10.0,108,3,2,0.0
1,42,62,0,0,273.45,11.2,131,1,2,0.0
1,32,145,0,1,386.55,11.1,86,4,2,0.0
0,35,122,0,0,444.6,11.4,107,3,4,1.0
1,58,95,0,0,262.8,7.5,95,2,1,0.0
1,40,100,0,0,305.7,12.5,83,3,0,0.0
1,34,48,0,1,228.0,15.7,109,5,2,1.0
1,49,111,0,1,249.3,11.2,92,2,3,0.0
1,29,107,1,0,199.95,12.9,123,2,3,1.0
1,50,104,0,1,420.3,13.3,102,3,4,0.0
0,45,125,0,0,305.1,11.0,113,4,1,0.0
1,55,85,1,0,295.8,8.3,133,4,4,0.0
1,37,111,0,0,337.35,10.3,97,3,0,0.0
1,28,72,0,0,177.3,12.2,106,3,3,0.0
1,33,67,0,0,302.1,7.0,119,3,0,0.0
0,42,182,0,0,103.65,6.5,96,4,0,0.0
1,44,103,0,1,167.7,6.9,81,4,1,0.0
0,34,114,0,0,127.05,14.5,95,8,1,0.0
1,45,159,0,0,413.7,7.4,93,5,2,1.0
1,41,146,0,1,231.0,8.2,107,4,3,0.0
1,51,60,1,1,398.85,14.0,82,12,0,1.0
0,35,88,0,0,327.3,8.0,99,1,1,0.0
0,57,100,0,0,282.75,15.2,88,5,2,0.0
1,35,111,0,0,344.1,10.4,95,6,4,0.0
1,38,79,0,0,333.45,8.9,82,4,3,0.0
0,46,111,0,0,165.6,7.7,105,6,2,0.0
1,52,85,0,0,248.7,10.9,116,3,5,1.0
1,30,111,0,0,321.45,12.0,98,2,1,0.0
1,42,137,0,0,365.1,12.2,104,5,0,0.0
1,40,137,0,0,211.65,8.0,75,7,2,0.0
1,34,166,0,0,272.1,11.6,94,6,1,0.0
1,26,70,0,0,89.25,11.1,86,6,0,0.0
0,36,108,0,1,243.15,9.6,76,3,4,1.0
0,48,87,0,0,346.95,13.0,136,6,1,0.0
0,39,93,0,1,207.15,6.8,115,3,2,0.0
1,29,77,0,0,345.0,11.3,136,3,2,0.0
0,31,23,0,0,285.3,15.0,73,4,6,0.0
1,44,86,0,0,192.45,12.2,152,5,7,1.0
1,50,96,0,0,255.75,12.2,117,6,1,0.0
1,21,96,0,0,270.9,10.3,125,4,1,1.0
0,48,77,0,1,203.85,11.5,74,3,4,1.0
0,22,140,0,0,180.45,7.7,74,3,4,1.0
1,48,136,1,0,299.4,11.0,84,4,3,1.0
1,31,99,0,0,218.4,11.4,86,7,1,0.0
1,39,174,0,0,209.1,10.0,107,5,2,0.0
0,58,90,0,1,225.15,5.8,97,4,1,0.0
1,41,75,0,1,245.4,13.1,115,3,3,0.0
0,21,50,0,0,235.65,6.1,111,2,1,0.0
1,30,161,0,1,360.6,16.1,112,6,0,0.0
0,49,123,0,1,328.05,15.0,116,1,0,0.0
1,28,166,0,0,260.85,15.3,113,5,0,0.0
0,39,93,0,0,147.6,14.2,114,4,1,0.0
1,42,139,0,0,247.5,12.6,128,8,1,0.0
1,35,48,0,1,317.55,12.2,80,1,1,0.0
0,38,95,0,1,370.5,10.5,90,4,3,0.0
0,36,91,0,0,326.85,10.6,110,2,1,0.0
1,42,24,0,1,247.35,6.7,55,9,1,0.0
0,46,113,0,0,323.85,4.9,123,5,3,0.0
0,41,148,0,0,277.8,9.5,104,13,1,0.0
1,34,77,0,0,377.7,9.8,109,7,2,1.0
1,42,85,0,0,302.1,12.0,106,3,1,0.0
0,45,108,0,0,281.1,12.6,107,8,1,0.0
1,19,1,0,0,217.2,13.8,79,3,1,0.0
0,34,45,0,0,169.2,9.0,106,3,2,0.0
1,40,35,0,0,391.2,5.8,123,2,1,0.0
0,29,127,0,0,220.05,13.7,110,3,1,0.0
1,41,92,0,0,137.55,9.2,86,4,2,0.0
1,57,120,0,1,319.05,9.7,119,13,2,0.0
1,59,73,0,0,141.15,9.8,77,4,0,0.0
0,37,117,0,0,224.85,13.3,92,13,2,0.0
1,43,78,0,0,285.45,11.7,109,5,2,0.0
1,30,159,0,0,131.55,10.5,93,10,1,0.0
0,33,95,0,0,211.65,5.9,127,6,3,0.0
0,40,67,0,0,465.6,9.2,99,10,4,0.0
1,21,33,0,1,280.2,15.0,103,5,0,0.0
1,31,99,0,0,232.95,12.4,67,4,0,0.0
1,50,91,1,0,194.85,11.2,130,3,3,0.0
1,31,73,0,0,205.65,11.1,120,4,1,0.0
0,35,94,0,0,378.9,11.1,106,7,2,0.0
0,39,106,0,0,287.1,8.2,76,3,1,0.0
1,31,133,1,1,331.65,15.4,108,4,2,1.0
1,54,106,0,0,78.3,11.4,95,2,2,0.0
1,36,113,0,0,198.15,6.9,123,6,3,0.0
1,29,57,0,1,265.2,8.3,116,4,0,0.0
1,35,97,0,0,216.3,13.8,72,4,3,0.0
1,33,68,0,0,235.95,12.0,129,7,1,0.0
1,28,177,0,0,284.25,14.2,112,2,1,0.0
0,39,132,0,1,263.55,8.6,118,3,2,0.0
1,41,80,0,0,309.45,12.4,82,12,0,0.0
1,42,98,0,0,241.5,12.1,113,4,4,0.0
1,24,24,0,0,362.85,6.6,105,5,1,0.0
1,41,106,0,1,248.85,14.1,86,8,4,0.0
1,62,99,0,0,82.2,7.5,125,3,1,0.0
0,41,63,0,0,199.35,9.9,121,2,3,0.0
1,36,33,0,0,320.85,9.8,71,14,2,0.0
1,32,92,0,1,363.3,8.9,108,1,1,0.0
0,31,10,0,0,274.5,8.7,73,6,2,0.0
0,34,62,0,0,259.2,9.1,90,8,2,0.0
0,48,88,0,0,242.25,7.9,95,4,2,0.0
1,30,103,0,0,249.9,7.7,115,6,1,0.0
1,33,140,1,1,283.35,11.5,100,5,4,0.0
0,33,112,0,1,272.7,9.2,141,4,2,0.0
0,23,56,0,0,182.4,8.9,95,2,1,0.0
0,38,155,0,1,192.75,6.8,85,6,1,0.0
0,39,84,1,0,449.1,6.6,89,7,2,0.0
0,34,167,0,0,197.4,11.1,97,4,4,1.0
0,43,166,0,0,305.1,9.2,124,5,2,0.0
0,33,28,0,0,182.55,8.3,122,2,6,1.0
0,39,87,0,1,321.0,10.6,82,5,0,0.0
1,32,107,0,0,318.15,7.7,111,2,3,0.0
0,43,77,0,1,314.55,7.1,111,3,2,0.0
0,23,73,0,0,275.1,7.5,100,3,4,0.0
0,62,89,0,0,269.55,7.6,120,3,1,0.0
0,48,85,0,0,264.6,11.5,50,1,1,0.0
1,34,134,0,0,267.0,11.7,105,4,1,0.0
0,29,90,0,0,392.7,9.6,91,5,1,0.0
1,28,106,0,0,221.85,8.8,80,5,2,0.0
1,31,101,0,0,275.85,10.8,145,11,1,0.0
0,31,109,0,0,325.5,8.2,106,4,1,0.0
0,35,167,1,0,328.65,10.1,101,4,2,0.0
0,33,60,0,0,331.65,7.4,90,3,1,0.0
1,26,78,0,0,252.45,12.5,136,1,1,0.0
1,39,76,0,1,321.9,8.1,140,2,1,0.0
0,48,107,0,1,302.7,11.9,133,8,1,0.0
1,35,161,1,0,291.3,12.9,129,1,1,1.0
0,41,55,0,0,428.55,14.8,140,7,0,1.0
0,48,87,0,0,252.3,12.9,99,3,1,0.0
1,22,143,0,1,279.9,11.6,138,5,1,0.0
1,28,160,0,0,250.2,9.3,77,1,1,0.0
0,36,38,0,0,223.5,13.9,93,11,0,0.0
0,34,97,0,0,359.7,8.7,81,5,2,0.0
0,31,61,0,1,245.55,9.9,118,3,3,0.0
1,25,55,0,0,263.4,9.3,55,4,0,0.0
0,32,84,0,1,134.55,10.7,114,2,1,0.0
1,21,140,0,0,347.85,14.3,98,6,3,0.0
0,25,73,0,0,362.55,11.1,122,2,2,0.0
0,38,89,0,0,288.15,6.1,138,3,0,0.0
0,48,88,0,1,120.45,12.8,123,3,2,0.0
0,28,130,0,0,231.3,9.2,117,5,2,0.0
1,34,116,0,0,246.9,8.0,109,3,0,0.0
1,41,73,0,0,240.15,13.0,72,4,0,0.0
1,30,65,0,0,175.2,14.1,150,2,1,0.0
1,24,48,0,0,282.6,13.2,71,2,1,0.0
1,38,85,0,1,216.9,10.9,148,3,1,0.0
0,47,120,0,0,267.6,9.3,93,9,1,0.0
1,26,96,0,0,269.25,6.6,133,2,1,0.0
0,47,69,0,0,291.3,9.7,80,3,2,0.0
0,31,64,0,0,291.3,5.5,114,2,2,0.0
1,42,112,0,0,289.95,9.1,115,3,4,0.0
0,38,124,0,1,241.8,8.9,87,4,1,0.0
1,25,102,0,0,406.65,10.3,105,5,1,0.0
0,37,80,0,1,354.9,9.5,102,10,2,0.0
1,53,144,0,1,284.7,6.5,106,2,2,1.0
1,30,129,0,0,310.5,13.4,112,5,3,0.0
0,44,36,0,0,267.9,10.9,119,5,1,0.0
1,41,147,0,0,307.95,7.8,84,4,1,0.0
0,61,140,0,0,292.2,13.9,93,4,0,0.0
1,26,151,0,0,262.95,11.8,88,5,0,0.0
1,48,63,0,0,417.0,13.1,118,4,4,1.0
1,37,118,0,1,137.25,12.7,99,8,2,0.0
0,51,110,0,0,82.95,10.2,108,5,1,0.0
0,57,124,0,0,251.1,10.3,115,5,0,0.0
1,36,23,0,0,482.4,11.3,158,3,2,1.0
1,40,141,0,1,224.55,7.6,115,2,3,0.0
0,31,64,1,0,337.95,17.3,132,9,1,1.0
0,48,69,1,1,407.25,8.2,85,2,1,1.0
1,29,53,0,0,277.2,18.4,116,3,2,0.0
0,42,46,0,0,209.1,13.6,77,6,1,0.0
0,30,119,0,1,213.9,12.0,102,2,3,0.0
0,41,65,0,0,368.55,4.2,117,5,4,1.0
0,29,137,0,0,309.6,8.8,84,5,2,0.0
1,36,86,1,0,399.15,10.3,103,4,1,0.0
1,31,93,0,0,171.45,10.9,88,9,0,0.0
1,37,133,0,0,341.1,4.7,99,7,0,0.0
1,48,127,0,1,274.8,11.2,71,8,1,0.0
0,49,129,0,0,252.6,11.8,100,7,1,0.0
1,45,161,0,0,287.85,13.4,107,4,4,1.0
1,31,135,0,0,227.55,10.5,100,6,0,0.0
0,42,128,0,0,238.2,7.6,77,7,1,0.0
1,55,94,0,0,291.15,15.3,115,4,1,0.0
0,36,76,0,0,215.55,5.8,95,6,1,0.0
0,35,118,1,0,240.0,9.9,99,3,2,0.0
0,38,101,0,1,329.55,9.5,113,2,2,0.0
0,37,52,0,0,232.5,7.0,84,4,4,1.0
1,39,160,0,0,264.3,9.2,95,4,1,0.0
0,38,86,0,0,249.3,5.4,97,7,1,0.0
1,38,124,0,0,377.25,11.1,71,6,3,0.0
0,39,64,0,1,315.0,5.9,94,4,8,0.0
1,33,135,0,0,328.2,10.3,80,3,4,0.0
0,32,10,0,0,333.3,12.9,80,4,1,0.0
1,43,71,0,0,365.55,11.3,129,2,0,0.0
0,37,90,0,0,56.7,14.2,111,5,3,0.0
1,36,68,0,1,359.25,9.9,70,6,0,0.0
0,44,65,0,0,158.55,6.6,105,12,2,0.0
1,40,22,0,0,165.45,9.5,96,5,0,0.0
1,23,113,0,0,323.4,13.5,115,3,1,0.0
1,26,113,0,0,359.55,8.7,88,3,2,1.0
1,54,116,0,0,219.6,7.8,102,5,1,0.0
1,38,96,0,1,259.05,9.8,70,3,1,0.0
0,61,53,0,1,220.2,7.2,130,7,0,0.0
0,29,104,0,0,251.4,11.7,94,2,4,0.0
0,38,190,0,1,175.05,9.9,103,3,1,0.0
0,33,106,0,0,254.1,10.7,79,4,1,0.0
1,38,119,1,1,220.8,7.7,120,2,0,1.0
0,30,78,0,0,130.5,11.0,120,5,0,0.0
0,39,179,1,1,330.15,10.1,85,4,4,0.0
1,48,193,0,0,256.35,11.6,89,3,1,0.0
0,30,65,0,0,288.0,5.5,102,4,2,0.0
1,42,19,0,1,234.9,11.3,135,1,1,0.0
1,42,3,0,1,177.15,11.9,89,6,2,0.0
1,36,57,0,1,319.5,9.5,115,3,0,0.0
1,39,107,0,1,372.9,12.0,83,1,1,0.0
0,57,151,0,1,294.75,13.4,124,5,0,0.0
0,51,48,0,0,412.8,7.9,110,2,1,0.0
1,33,74,0,0,258.15,11.6,105,6,1,0.0
0,31,171,0,0,405.75,9.6,111,5,1,1.0
1,22,107,0,0,345.6,8.5,88,3,1,0.0
1,43,113,1,0,306.45,9.2,97,7,1,0.0
1,53,90,1,0,332.7,8.4,154,4,1,0.0
1,36,88,0,0,323.4,11.8,65,1,3,0.0
1,42,128,0,1,397.65,10.0,91,3,1,0.0
0,41,162,0,0,172.65,11.4,98,3,2,0.0
1,29,108,0,0,231.3,15.4,75,4,4,1.0
1,18,149,0,0,178.8,12.2,119,6,4,1.0
1,28,63,0,1,213.45,6.6,91,8,1,0.0
0,52,99,0,1,268.65,10.6,96,1,2,0.0
1,54,133,0,0,280.5,10.0,108,8,2,0.0
1,47,67,0,0,163.65,10.9,86,5,2,0.0
1,57,116,0,1,379.5,11.8,104,3,2,0.0
1,39,72,0,0,265.65,8.0,94,6,1,0.0
0,42,124,0,0,236.1,8.8,102,3,3,0.0
1,30,149,1,0,264.3,5.7,92,4,0,0.0
0,31,108,0,0,439.5,10.0,87,6,2,0.0
0,43,113,0,0,408.15,8.5,105,10,1,1.0
1,34,86,0,1,251.4,12.2,121,6,1,0.0
0,47,117,0,1,120.3,8.6,102,2,1,0.0
0,48,115,0,1,288.45,10.5,120,3,2,0.0
1,23,25,0,0,268.2,8.4,99,5,2,0.0
0,36,106,0,0,237.9,9.1,106,3,0,0.0
1,26,38,0,0,196.8,8.2,106,6,2,0.0
1,45,99,0,0,143.1,5.6,117,5,1,0.0
1,50,112,0,0,291.6,11.4,107,2,0,0.0
0,35,123,0,0,291.0,12.1,108,4,1,0.0
0,34,217,0,0,264.6,9.3,107,3,4,0.0
0,45,69,0,0,292.65,11.4,90,5,0,0.0
0,27,84,0,1,321.45,11.3,117,10,0,0.0
0,24,94,0,0,406.8,11.5,51,3,3,1.0
0,24,110,0,0,150.15,11.1,57,8,3,0.0
0,38,98,0,1,165.75,11.0,84,4,1,0.0
0,27,59,0,0,230.4,12.5,89,10,1,0.0
1,22,68,0,0,293.1,15.1,134,11,1,0.0
1,41,42,0,0,138.3,13.1,73,6,1,0.0
1,31,209,0,0,340.8,8.9,74,4,3,0.0
0,34,145,0,0,59.25,10.0,90,6,0,0.0
1,32,103,0,1,224.85,11.5,112,7,0,1.0
1,48,163,0,0,334.5,8.8,125,5,1,0.0
0,56,61,0,1,281.25,6.4,129,6,4,1.0
0,40,108,0,1,323.85,15.5,107,7,0,0.0
0,41,105,0,0,159.6,5.3,114,4,6,1.0
1,57,46,0,0,375.45,13.3,104,2,2,1.0
1,24,63,0,0,175.65,11.1,84,4,3,0.0
0,25,89,0,1,314.85,8.7,92,7,1,0.0
0,51,80,0,0,359.85,9.3,106,5,1,0.0
1,30,189,0,0,341.1,6.3,120,4,2,0.0
0,35,114,0,0,284.7,10.6,121,5,1,0.0
1,38,54,0,0,410.7,11.7,117,3,1,0.0
0,33,141,0,1,222.9,10.1,142,1,1,0.0
0,30,173,0,0,258.75,10.9,63,2,0,0.0
1,32,114,1,1,261.75,12.3,91,10,2,0.0
0,37,36,0,0,380.1,8.4,103,2,1,0.0
1,38,119,0,1,330.15,11.1,80,3,0,0.0
1,47,85,1,0,248.1,9.6,110,7,2,0.0
0,43,128,0,0,280.95,10.1,68,5,1,0.0
0,28,86,0,0,204.6,11.5,86,1,3,0.0
1,22,50,0,0,275.4,8.7,99,3,1,0.0
0,24,111,0,0,383.85,12.3,84,5,3,0.0
1,28,99,0,0,213.45,9.1,114,1,0,0.0
1,36,71,0,0,387.6,9.7,87,8,4,0.0
0,37,100,0,0,304.65,13.5,122,2,3,0.0
0,38,107,0,0,362.85,11.7,92,6,0,0.0
1,24,104,0,0,234.3,13.1,94,5,1,0.0
0,34,70,0,1,374.25,9.8,68,4,1,0.0
0,61,47,0,0,232.95,12.3,73,4,3,0.0
1,46,185,0,1,226.65,13.8,91,2,2,0.0
1,43,70,0,0,222.6,8.9,101,4,0,0.0
0,28,83,0,1,339.6,10.8,82,7,1,0.0
0,35,72,0,0,208.35,10.8,91,3,1,0.0
1,49,144,0,1,425.85,10.0,85,4,1,0.0
0,38,7,0,1,332.1,10.8,105,12,1,0.0
0,21,74,0,0,235.65,7.6,77,3,2,0.0
1,37,147,0,0,372.9,8.0,109,4,3,0.0
0,35,113,0,0,121.95,8.9,113,3,0,0.0
0,36,95,0,0,202.5,12.5,102,9,1,0.0
1,36,97,0,0,252.9,7.3,123,4,1,0.0
0,30,127,0,1,249.0,10.2,68,6,1,0.0
0,52,94,0,0,162.0,10.4,92,3,3,0.0
1,38,130,0,0,274.5,9.5,78,19,0,0.0
1,36,52,0,1,199.95,13.5,107,2,1,0.0
0,34,169,0,0,353.55,13.3,97,10,1,0.0
1,31,101,0,1,393.3,7.3,100,14,1,0.0
1,29,119,0,0,430.65,13.9,86,1,2,1.0
1,32,99,0,0,253.8,10.6,104,2,0,0.0
0,30,53,0,0,86.25,11.6,128,6,3,0.0
1,30,104,0,0,114.6,9.4,94,3,3,0.0
1,32,82,0,1,310.8,9.5,92,5,2,0.0
1,23,164,0,1,328.65,14.3,60,6,1,0.0
0,34,133,0,1,261.0,14.1,87,7,2,1.0
0,29,105,0,0,341.1,13.0,82,4,1,0.0
1,56,88,0,0,109.95,8.2,76,3,4,1.0
0,31,101,0,1,158.85,10.7,120,5,1,0.0
0,44,100,0,1,337.05,9.8,61,6,0,0.0
0,33,111,0,1,193.2,10.3,76,2,2,0.0
0,40,122,0,1,306.75,8.6,103,5,2,0.0
0,43,102,0,0,153.9,9.1,140,4,2,0.0
0,49,160,0,0,128.7,9.2,92,4,3,0.0
1,23,33,0,1,242.85,8.5,131,2,1,0.0
0,39,117,0,0,359.85,9.8,93,2,0,0.0
0,26,11,0,1,314.7,7.0,79,7,1,0.0
0,31,74,0,0,128.55,10.1,85,5,2,0.0
0,32,126,0,1,171.45,12.6,111,7,3,0.0
1,40,144,0,0,266.25,11.9,118,3,2,0.0
1,35,67,1,0,181.35,11.4,130,11,2,0.0
0,33,139,0,1,321.9,14.8,132,12,0,0.0
0,37,70,0,0,295.95,6.7,105,6,1,0.0
0,23,124,0,0,226.65,5.3,93,3,1,0.0
1,52,76,0,0,279.15,8.0,100,4,0,0.0
1,31,102,0,0,234.75,9.9,72,2,2,0.0
1,37,107,0,1,171.45,7.5,74,8,1,0.0
1,60,86,0,0,324.45,4.5,110,3,0,0.0
0,37,146,0,0,308.1,10.3,83,2,3,0.0
1,41,45,0,0,233.55,11.0,98,1,1,0.0
0,35,11,0,0,215.1,9.7,100,6,2,0.0
1,37,65,0,1,237.15,8.9,96,6,1,0.0
1,31,72,0,0,408.6,12.7,81,2,0,0.0
0,41,77,0,0,101.55,12.0,137,2,1,0.0
1,38,177,0,1,345.3,10.4,108,2,1,0.0
1,34,75,0,1,321.15,9.2,126,6,0,0.0
1,35,121,0,1,103.05,11.4,42,4,1,0.0
1,35,49,1,0,356.7,15.6,86,6,2,1.0
0,44,179,0,0,174.15,11.6,103,5,0,0.0
0,20,161,0,0,161.25,12.6,131,3,2,0.0
0,36,127,0,1,353.4,7.7,127,2,1,0.0
0,28,63,0,0,317.55,7.4,108,7,0,0.0
1,34,123,0,1,298.05,12.5,124,5,1,0.0
1,34,114,0,0,303.15,13.3,120,5,2,0.0
1,59,21,0,0,337.5,10.7,93,4,0,0.0
1,35,117,0,1,297.15,6.8,92,6,1,0.0
0,41,103,0,0,251.7,13.0,73,3,5,0.0
0,29,100,0,0,173.85,7.1,77,4,1,0.0
0,44,122,0,0,210.15,11.2,127,5,2,0.0
0,27,45,0,0,117.9,7.4,111,5,1,1.0
0,45,67,0,1,173.4,9.9,103,12,2,0.0
0,27,83,0,0,292.5,11.0,92,13,0,0.0
1,40,113,0,1,223.5,9.5,76,5,4,0.0
1,30,106,1,0,200.55,10.7,89,2,1,1.0
1,38,138,0,0,330.3,12.9,79,5,0,0.0
1,36,163,0,1,240.0,10.4,118,7,1,0.0
1,36,113,0,0,314.1,7.4,116,2,1,1.0
1,41,95,0,1,424.65,11.3,129,3,3,0.0
0,45,120,0,0,304.95,7.8,103,2,3,0.0
1,25,166,0,0,306.3,9.5,109,5,1,0.0
0,34,122,0,0,260.4,9.7,103,7,3,0.0
1,40,87,0,0,253.65,9.9,106,10,3,0.0
0,45,101,0,0,404.55,4.5,107,15,3,1.0
0,42,49,0,0,399.45,14.0,98,2,2,1.0
1,32,116,1,0,323.1,12.6,109,5,3,0.0
1,39,131,0,1,261.0,6.7,90,3,1,0.0
0,48,75,0,0,225.9,8.1,104,5,0,0.0
1,26,74,0,1,261.9,9.0,92,4,1,0.0
1,32,83,0,0,198.6,8.6,84,2,1,0.0
0,46,161,0,0,158.1,7.8,126,5,0,0.0
0,41,148,0,0,267.45,11.4,98,4,1,0.0
1,31,1,0,0,294.15,7.0,91,2,1,0.0
0,39,94,0,1,255.15,12.8,73,4,1,0.0
1,60,78,0,0,287.55,9.1,86,5,1,0.0
1,37,90,0,0,164.4,11.0,121,5,2,0.0
0,38,113,0,0,232.5,13.5,123,3,1,0.0
0,55,130,0,0,225.6,12.3,76,4,1,0.0
0,30,161,0,0,227.4,4.0,68,5,1,0.0
1,40,123,0,0,244.65,9.0,77,10,1,0.0
0,36,125,0,0,190.05,13.3,114,7,1,0.0
0,30,120,0,1,266.85,11.5,117,4,1,0.0
0,38,89,1,0,188.4,5.4,108,5,1,0.0
0,39,103,0,0,277.5,12.6,91,2,2,0.0
1,25,116,0,1,274.2,11.0,103,2,1,0.0
0,37,54,0,1,215.85,12.5,117,8,2,0.0
1,29,81,0,0,297.6,10.4,71,6,2,0.0
1,23,79,0,0,402.45,6.3,88,7,1,1.0
0,43,147,0,1,377.25,10.4,87,6,3,0.0
0,31,39,0,0,231.15,9.8,92,4,2,0.0
1,31,120,0,0,378.0,9.6,96,1,2,0.0
1,39,42,1,0,271.05,12.0,114,6,2,0.0
0,35,76,0,0,297.45,12.5,96,3,0,0.0
1,46,138,0,1,285.15,14.2,130,6,0,0.0
1,30,105,0,0,406.35,8.8,60,5,0,1.0
1,36,105,0,0,152.1,12.2,53,2,1,0.0
1,51,59,0,0,306.45,12.0,94,4,1,0.0
0,38,37,1,0,159.9,9.6,113,8,2,0.0
1,39,41,0,1,320.7,7.2,123,3,0,0.0
1,38,16,0,0,308.4,10.9,64,3,0,0.0
1,32,65,0,0,230.85,8.5,147,3,2,0.0
1,29,70,0,0,320.1,5.7,101,4,1,0.0
1,32,79,0,0,228.3,5.3,87,3,1,0.0
0,64,34,0,0,226.5,9.9,86,7,0,0.0
0,38,93,0,1,250.35,11.5,106,1,1,0.0
1,37,109,0,0,276.0,11.0,86,3,0,0.0
1,30,136,1,0,385.2,9.1,82,10,3,0.0
1,43,135,0,0,292.2,11.0,126,3,1,0.0
0,43,141,0,0,390.3,7.2,119,8,3,0.0
1,36,42,0,1,245.7,8.1,106,5,0,0.0
1,33,60,0,0,147.3,9.3,69,2,2,0.0
0,51,85,0,0,317.25,13.3,131,4,2,0.0
0,49,99,0,0,286.8,14.1,114,3,1,0.0
1,49,112,0,0,251.4,17.3,107,3,2,0.0
1,44,63,0,0,246.75,11.2,97,2,0,0.0
1,44,57,0,0,231.3,10.1,97,9,1,0.0
1,31,91,0,0,223.5,8.3,94,3,0,0.0
1,47,138,0,0,190.65,5.0,75,3,3,0.0
1,42,109,0,0,256.05,11.4,112,4,2,0.0
1,28,118,1,1,234.75,11.1,81,3,4,1.0
1,52,28,0,0,239.55,9.3,116,3,2,0.0
0,40,114,0,1,211.95,9.4,85,3,3,0.0
1,27,141,1,1,387.9,11.2,97,5,0,0.0
0,47,169,1,0,85.65,6.5,103,6,3,0.0
0,42,70,0,1,188.85,10.3,75,4,1,0.0
0,38,86,0,0,326.7,11.3,70,7,0,0.0
0,32,137,0,0,308.85,14.5,84,4,2,0.0
1,38,103,0,1,161.55,8.9,98,3,0,0.0
1,37,78,0,0,232.5,11.8,125,5,2,0.0
0,38,129,0,1,306.75,14.8,117,9,2,0.0
1,21,159,0,0,298.2,16.5,120,7,5,0.0
0,48,102,0,0,216.6,7.1,59,7,0,0.0
0,43,51,0,0,340.8,14.9,126,2,0,0.0
1,42,158,0,0,233.85,8.6,116,8,2,0.0
1,41,54,0,1,176.4,11.3,113,10,2,0.0
0,48,64,0,1,270.15,7.5,118,3,0,0.0
1,38,81,0,1,195.15,11.4,123,5,0,0.0
1,30,119,0,0,186.45,14.8,93,1,0,0.0
0,35,120,0,1,366.45,10.6,83,6,0,0.0
1,30,31,0,0,249.15,12.7,98,2,1,0.0
0,51,74,0,1,291.9,13.1,75,2,2,0.0
1,31,69,0,0,251.25,11.4,103,4,2,0.0
1,48,86,0,0,211.95,8.2,91,5,1,0.0
1,41,58,0,1,291.75,9.5,92,2,1,0.0
0,34,155,0,1,365.85,13.4,123,11,2,0.0
0,63,163,0,0,268.05,10.6,84,2,4,0.0
0,29,68,0,0,355.65,13.2,79,2,1,0.0
1,26,85,0,0,314.7,11.3,85,3,0,0.0
0,43,87,0,0,343.05,11.8,90,3,1,0.0
1,29,49,0,0,178.95,11.1,90,1,1,0.0
0,44,117,0,0,276.75,8.7,90,4,1,0.0
1,33,157,0,0,229.05,9.4,93,4,1,0.0
1,37,39,0,0,90.6,12.4,46,3,1,0.0
1,36,105,0,0,249.15,16.2,55,3,2,0.0
0,40,111,0,0,426.6,8.4,91,8,0,1.0
1,43,102,0,0,293.55,8.3,73,3,1,1.0
0,34,64,0,0,222.15,12.3,125,2,5,1.0
0,33,111,0,1,145.2,13.4,85,4,2,0.0
1,20,69,0,0,215.4,10.8,83,5,3,0.0
0,37,97,0,1,199.8,11.0,79,3,1,0.0
1,34,122,0,1,201.3,8.5,96,2,2,0.0
0,46,103,0,0,284.7,12.2,103,4,0,0.0
0,30,91,0,0,347.7,11.6,129,7,3,0.0
1,34,89,0,0,455.85,5.3,89,3,1,1.0
1,24,67,0,1,345.9,9.4,115,2,1,0.0
0,27,113,0,0,281.4,8.7,101,6,2,0.0
0,32,52,0,0,248.25,12.2,124,6,0,0.0
1,52,108,0,1,254.7,9.5,105,7,2,0.0
1,35,100,0,0,417.0,8.3,126,4,0,1.0
1,40,140,0,0,259.8,11.2,128,5,3,0.0
0,43,113,1,0,187.8,8.3,139,8,0,0.0
0,37,200,0,0,192.3,11.2,123,2,1,0.0
1,46,88,0,0,222.3,6.4,79,4,2,0.0
1,42,107,0,1,329.1,11.0,91,1,2,0.0
0,64,93,0,0,401.85,11.3,90,3,3,1.0
1,29,80,0,1,249.6,10.7,84,4,4,0.0
1,33,180,0,0,208.5,15.7,118,5,2,0.0
1,44,25,0,0,178.95,10.5,86,4,3,0.0
1,32,195,0,1,347.55,12.1,89,2,0,0.0
0,28,21,0,0,367.05,6.6,87,1,1,0.0
1,41,172,0,0,318.0,12.6,78,10,3,0.0
1,49,87,0,0,384.3,7.4,80,2,4,0.0
0,34,117,0,0,202.05,7.7,104,3,1,0.0
1,42,52,0,1,253.95,8.2,86,3,0,0.0
1,39,75,0,1,297.3,11.3,73,7,1,0.0
0,43,78,0,1,296.1,13.2,73,2,0,0.0
0,40,145,0,1,221.25,15.6,102,3,2,0.0
1,25,117,0,0,277.2,9.6,113,8,1,0.0
1,25,122,0,0,270.0,11.5,120,6,2,0.0
1,32,91,0,0,200.55,5.9,89,2,0,0.0
1,31,72,0,0,220.5,10.5,80,4,1,0.0
1,35,136,0,0,152.55,9.4,119,6,3,0.0
0,36,71,0,0,416.25,8.2,101,2,1,0.0
0,38,174,0,0,358.8,8.8,116,3,1,0.0
0,43,105,0,1,269.1,10.0,105,5,0,0.0
0,42,181,0,0,214.95,6.0,95,7,1,0.0
1,46,143,0,1,358.8,9.5,95,4,1,0.0
1,48,107,0,0,155.1,14.4,125,3,1,0.0
1,43,85,0,1,344.4,9.5,76,8,2,0.0
0,35,39,0,0,443.1,11.5,123,2,1,1.0
1,62,165,0,0,324.9,12.4,123,8,0,0.0
1,30,68,0,0,340.05,10.2,117,1,0,0.0
0,30,93,0,0,264.15,8.5,96,6,2,0.0
0,65,122,0,0,255.75,11.3,75,2,1,0.0
1,25,146,1,0,199.5,11.2,128,3,1,0.0
0,36,127,1,0,271.35,7.4,105,4,2,0.0
0,40,92,0,0,231.0,5.6,117,2,3,1.0
1,52,105,0,0,221.55,12.8,102,3,2,0.0
0,58,41,0,0,304.35,9.0,92,3,3,0.0
1,32,117,0,0,214.95,11.5,96,3,1,0.0
0,36,112,0,0,261.75,11.3,120,7,1,0.0
1,29,48,0,1,297.0,7.6,71,4,1,0.0
0,51,125,0,0,343.95,12.0,95,8,1,0.0
0,28,92,0,1,226.65,10.0,114,3,1,0.0
0,29,119,0,1,325.8,11.3,85,4,0,0.0
0,38,50,0,0,197.55,11.0,126,5,1,0.0
1,35,148,1,0,222.3,8.6,62,3,2,0.0
1,36,104,0,0,209.55,11.3,102,5,2,0.0
1,39,136,0,0,228.9,5.0,99,10,1,0.0
1,65,124,0,0,291.0,11.9,153,5,0,0.0
0,25,79,0,0,236.4,9.4,86,10,5,1.0
1,34,51,0,0,348.6,9.1,107,3,1,0.0
1,36,110,0,0,282.0,15.3,64,3,3,0.0
1,35,79,0,0,308.55,6.7,106,18,1,0.0
0,41,47,0,1,169.2,13.2,112,6,2,0.0
0,42,109,0,1,250.35,12.3,97,4,1,1.0
0,31,147,1,0,337.8,9.9,146,1,0,1.0
1,40,104,1,0,222.3,11.0,103,4,0,0.0
0,57,63,0,0,223.95,9.1,72,4,0,0.0
0,28,97,1,0,215.55,10.9,81,3,0,0.0
1,49,104,0,0,275.4,12.7,112,2,1,0.0
1,30,137,1,0,261.0,11.4,98,3,2,0.0
0,51,133,0,0,302.55,6.0,80,4,0,0.0
1,26,58,0,0,364.65,7.8,120,4,2,0.0
1,30,132,0,0,254.85,11.5,79,2,1,0.0
0,33,113,0,0,310.8,9.9,87,1,1,0.0
1,55,82,0,0,450.45,11.7,73,4,0,1.0
1,25,52,0,0,314.7,9.9,119,9,4,0.0
1,39,114,0,0,289.5,9.6,79,2,2,0.0
1,29,112,0,0,503.25,12.7,132,8,2,1.0
1,56,160,0,0,261.45,8.3,131,2,0,0.0
0,45,85,0,0,153.0,10.7,105,3,1,0.0
0,42,135,0,0,302.7,10.3,82,6,1,0.0
0,26,6,0,0,339.75,9.4,98,4,3,0.0
0,43,150,0,0,219.45,13.1,103,3,1,0.0
0,27,124,0,0,282.75,6.1,127,6,1,0.0
1,48,32,0,1,400.05,16.3,98,4,1,0.0
0,44,143,0,0,165.15,9.2,94,2,1,0.0
0,48,69,0,0,292.95,12.5,119,4,3,0.0
0,41,180,0,1,347.7,7.6,121,4,1,0.0
0,31,144,1,0,305.25,11.9,94,11,0,0.0
0,43,120,0,1,230.25,11.4,76,4,0,0.0
0,32,68,0,0,259.05,11.7,99,1,2,0.0
1,65,58,0,0,352.2,9.9,122,6,0,0.0
0,29,99,0,0,285.6,11.2,92,4,2,0.0
0,33,92,0,0,312.0,8.6,97,6,0,0.0
0,32,137,0,0,190.5,7.5,127,2,1,0.0
0,41,120,0,0,331.95,9.3,80,7,0,0.0
1,26,98,0,0,280.8,5.1,129,4,1,0.0
1,36,136,1,1,305.85,10.5,107,6,3,0.0
0,33,23,0,0,169.65,6.9,126,2,1,1.0
0,53,61,1,1,215.25,11.3,95,3,0,0.0
1,35,130,0,0,231.0,12.9,75,1,1,0.0
1,38,75,1,0,333.6,8.7,104,9,1,1.0
1,38,78,0,0,206.1,14.0,136,11,3,0.0
0,40,116,0,0,260.25,16.2,112,10,3,0.0
0,34,81,0,1,242.4,12.2,101,5,1,0.0
0,35,77,0,0,217.35,12.3,73,3,2,0.0
1,34,190,0,1,249.75,8.5,102,3,0,0.0
1,29,74,0,0,247.95,9.8,102,3,1,0.0
1,30,13,0,1,264.9,11.3,128,5,2,0.0
1,34,71,0,1,263.55,14.1,154,7,1,0.0
0,29,78,0,0,379.35,9.5,105,7,3,0.0
0,35,97,0,0,181.2,11.9,63,3,4,1.0
1,44,146,0,1,264.9,14.6,98,6,1,0.0
1,30,66,0,0,131.4,9.2,125,5,1,0.0
1,35,124,0,0,237.9,10.2,104,8,3,0.0
1,34,60,0,0,203.1,7.9,103,4,1,0.0
1,43,112,0,0,251.7,11.9,108,4,0,0.0
1,24,140,0,1,235.65,11.1,94,9,1,0.0
0,39,97,0,0,384.6,11.1,101,1,1,1.0
0,47,44,0,1,332.7,14.0,62,7,0,0.0
1,42,40,0,1,337.05,7.5,104,5,1,1.0
1,30,94,0,0,209.1,7.7,129,3,0,0.0
1,41,189,0,1,385.05,11.4,87,3,3,0.0
1,44,94,1,0,353.4,8.6,93,4,1,0.0
1,37,122,0,0,235.65,8.5,59,5,4,1.0
1,25,102,0,0,300.9,7.7,128,2,3,0.0
0,54,70,0,0,345.45,13.2,105,4,1,0.0
1,43,73,0,0,235.65,10.0,91,8,0,0.0
0,36,179,0,0,256.05,13.3,107,4,1,0.0
0,31,196,0,0,351.0,9.1,70,5,2,0.0
1,41,99,0,0,211.05,12.4,125,4,2,0.0
0,34,61,1,0,117.3,10.1,100,6,2,0.0
0,33,48,0,0,285.6,8.3,113,4,2,0.0
0,28,139,0,1,236.4,13.7,112,2,0,0.0
0,25,50,0,0,232.05,11.1,95,3,0,0.0
0,26,150,0,1,314.85,6.6,113,1,0,0.0
0,33,78,0,0,196.2,10.0,108,5,1,0.0
0,48,151,0,0,201.75,15.4,61,1,1,0.0
1,33,65,0,0,223.05,12.7,107,6,2,0.0
0,39,142,0,0,127.2,14.2,148,6,2,0.0
1,57,84,0,0,340.35,13.2,121,5,2,0.0
0,46,141,0,0,77.85,10.1,115,3,3,0.0
1,26,115,0,0,164.55,15.4,96,8,3,0.0
0,62,79,0,0,195.3,14.0,140,6,3,0.0
0,35,83,1,1,142.05,10.6,109,6,2,0.0
0,40,22,0,0,240.6,12.5,115,4,1,0.0
0,36,55,0,1,248.4,11.0,90,2,3,0.0
1,58,60,1,0,274.5,11.1,119,6,1,0.0
1,55,95,0,0,295.5,16.1,104,8,0,0.0
0,41,96,0,0,240.3,9.3,68,5,2,0.0
1,42,84,0,1,247.95,7.6,72,7,3,0.0
1,41,40,1,0,256.05,8.2,89,9,3,0.0
1,46,74,0,0,222.75,9.9,83,6,3,0.0
1,28,125,0,0,245.7,15.7,95,4,0,0.0
0,50,64,0,0,329.4,9.7,65,5,1,0.0
0,27,88,0,0,284.7,14.9,111,3,2,0.0
1,42,67,0,0,316.05,7.2,83,6,1,0.0
0,34,120,0,0,237.0,10.0,132,5,1,0.0
0,38,131,0,0,249.75,9.9,93,5,1,0.0
1,42,106,0,1,296.1,12.3,101,4,3,0.0
1,32,132,0,1,339.3,10.5,102,5,3,1.0
1,39,49,0,0,320.7,15.6,128,7,0,0.0
1,38,151,0,0,353.85,5.8,116,2,3,0.0
1,36,101,0,0,134.55,13.5,93,11,5,1.0
1,36,57,0,1,419.85,13.0,94,2,1,0.0
1,61,65,0,0,166.5,4.4,89,14,1,0.0
0,31,138,0,0,257.1,17.0,115,4,3,0.0
1,27,143,0,0,233.25,7.6,61,11,1,0.0
0,34,98,0,0,331.8,11.9,89,3,4,0.0
0,53,105,0,1,314.4,10.6,131,3,2,0.0
1,47,102,0,0,261.75,10.3,116,5,4,0.0
1,61,34,0,0,187.2,10.0,78,4,2,0.0
1,35,57,0,0,254.4,11.2,83,4,0,0.0
0,37,208,0,0,489.75,10.7,102,6,2,1.0
1,32,27,0,0,355.05,12.7,85,6,1,0.0
1,54,147,0,0,319.2,10.2,113,2,1,0.0
1,25,90,0,0,310.8,8.0,103,1,2,0.0
0,33,125,1,0,280.95,9.6,112,2,0,1.0
1,32,93,0,1,268.05,8.0,82,4,2,0.0
1,58,139,0,0,316.65,5.6,70,4,0,0.0
1,29,73,0,0,280.95,15.1,108,2,1,0.0
1,35,71,0,0,211.8,7.0,72,2,2,0.0
1,36,119,0,0,334.2,11.2,112,6,1,0.0
1,34,139,0,0,304.8,9.7,76,3,2,0.0
1,53,105,0,1,354.75,8.1,115,3,2,0.0
1,33,120,0,0,270.0,4.7,91,7,3,0.0
0,53,116,0,0,302.7,16.5,130,5,0,0.0
0,36,80,0,0,158.7,13.1,87,5,0,0.0
1,27,124,0,0,381.45,11.8,69,2,2,0.0
1,38,74,0,0,331.65,10.6,112,3,0,0.0
1,35,97,0,0,326.4,4.2,110,3,0,0.0
1,45,99,0,0,325.8,15.8,89,7,3,0.0
0,41,102,0,0,337.05,15.8,109,6,1,0.0
1,37,58,0,0,248.1,12.8,118,5,2,0.0
1,30,141,0,0,325.65,12.0,103,6,0,0.0
1,29,144,0,0,417.75,11.6,90,5,1,1.0
0,37,90,0,0,301.35,8.9,98,7,1,0.0
0,38,62,0,0,258.6,11.0,109,5,0,0.0
0,26,158,0,0,307.8,14.4,108,12,0,0.0
1,37,46,0,0,298.8,10.2,84,2,3,0.0
0,21,152,0,0,309.45,10.6,121,4,1,0.0
0,54,139,0,0,331.95,11.3,89,6,1,0.0
0,57,127,0,0,330.3,11.7,113,3,2,0.0
1,54,119,0,1,231.0,11.8,112,4,2,0.0
0,58,136,0,1,269.1,9.5,120,4,2,0.0
0,32,144,1,1,262.2,12.8,90,3,0,0.0
1,37,99,0,0,193.2,14.1,131,4,2,0.0
0,42,73,0,0,263.1,12.2,85,4,0,0.0
1,37,128,0,0,370.95,14.7,112,2,3,0.0
0,26,54,0,0,175.2,12.0,101,2,1,0.0
0,42,81,1,1,355.65,7.9,120,3,1,0.0
0,41,149,0,0,210.6,11.1,108,9,1,0.0
1,29,81,0,0,331.2,7.6,100,3,2,0.0
1,32,60,0,0,187.65,11.2,79,3,3,0.0
1,38,81,0,1,173.85,11.7,90,6,3,0.0
0,29,151,0,1,322.05,8.6,44,4,1,0.0
1,25,95,0,0,234.9,12.3,115,5,3,0.0
0,43,154,0,1,336.0,9.6,100,2,0,0.0
0,45,42,0,0,219.45,8.0,117,12,1,0.0
0,42,73,0,0,382.05,10.6,60,8,0,0.0
0,36,42,0,0,233.1,9.0,128,3,0,0.0
1,35,157,0,0,344.7,9.6,108,7,3,0.0
0,61,133,0,0,368.7,11.2,103,7,0,0.0
1,25,144,0,1,159.6,10.1,111,5,1,0.0
1,32,61,0,0,67.5,9.8,94,6,2,0.0
1,49,50,1,1,460.65,8.0,109,3,0,0.0
0,42,119,0,1,176.7,7.6,76,3,3,0.0
1,36,127,0,0,303.15,11.5,113,3,2,0.0
0,60,141,0,1,310.35,9.3,124,11,2,0.0
0,54,75,0,1,182.25,11.3,97,5,2,0.0
1,45,127,0,0,273.45,9.3,116,3,1,0.0
1,53,94,0,0,128.85,15.6,110,16,0,0.0
1,40,94,0,0,178.05,10.4,100,6,3,0.0
1,37,73,0,0,326.7,10.3,89,6,1,1.0
